datetime,open,high,low,volume,close
2013-01-04,1885.964,1899.88,1849.779,3920564900.0,1870.5
2013-01-07,1865.058,1892.13,1857.276,2852949900.0,1880.262
2013-01-08,1879.848,1883.142,1846.29,2534855200.0,1857.688
2013-01-09,1851.607,1861.374,1839.011,2510211300.0,1855.342
2013-01-10,1854.987,1875.581,1843.345,2512934500.0,1855.487
2013-01-11,1857.765,1863.27,1810.836,2643782300.0,1818.984
2013-01-14,1811.315,1900.41,1811.066,3586175400.0,1893.1
2013-01-15,1892.506,1907.652,1889.686,3265932800.0,1900.051
2013-01-16,1895.231,1898.234,1851.33,3164398900.0,1877.0
2013-01-17,1871.639,1872.149,1844.452,2330184500.0,1854.936
2013-01-18,1867.763,1897.607,1854.656,2562917000.0,1886.794
2013-01-21,1890.85,1899.002,1871.67,3142856200.0,1898.438
2013-01-22,1895.004,1917.459,1878.45,4129089000.0,1898.502
2013-01-23,1890.693,1911.196,1885.268,2870868000.0,1910.135
2013-01-24,1909.92,1961.979,1885.459,4636251700.0,1900.176
2013-01-25,1898.281,1905.38,1881.131,2180922400.0,1886.454
2013-01-28,1890.885,1958.196,1890.885,4001193900.0,1957.395
2013-01-29,1959.798,1993.195,1950.483,4198398900.0,1982.623
2013-01-30,1984.916,1991.659,1969.775,4025677200.0,1989.315
2013-01-31,1992.479,2000.649,1976.703,3791741800.0,1993.252
2013-02-01,1984.965,2058.052,1979.099,4393958000.0,2055.724
2013-02-04,2068.022,2087.931,2050.688,5508981800.0,2065.394
2013-02-05,2044.162,2076.932,2035.369,5045680200.0,2068.952
2013-02-06,2069.341,2088.446,2063.988,3520212600.0,2078.494
2013-02-07,2074.48,2077.484,2014.752,4349646400.0,2048.575
2013-02-08,2044.141,2061.012,2022.892,3442460800.0,2042.422
2013-02-18,2051.922,2055.411,2013.217,3295871900.0,2014.577
2013-02-19,2011.386,2018.906,1971.428,3131288500.0,1981.074
2013-02-20,1982.434,1984.325,1948.699,2939731200.0,1978.303
2013-02-21,1955.167,1955.167,1876.324,4490004000.0,1897.896
2013-02-22,1895.429,1902.661,1878.342,2556522100.0,1883.475
2013-02-25,1893.442,1912.032,1879.841,2227133500.0,1890.765
2013-02-26,1874.047,1916.764,1863.011,3688458000.0,1865.129
2013-02-27,1871.435,1907.203,1869.511,2866730900.0,1889.476
2013-02-28,1906.125,1957.488,1886.741,3961108600.0,1956.606
2013-03-01,1955.728,1963.597,1911.657,3248281400.0,1944.423
2013-03-04,1904.43,1904.951,1828.549,4813350100.0,1841.624
2013-03-05,1844.287,1917.181,1843.159,4024232100.0,1916.709
2013-03-06,1925.519,1943.926,1907.623,3614474500.0,1933.699
2013-03-07,1922.929,1937.946,1881.669,3246190400.0,1902.374
2013-03-08,1906.355,1917.049,1889.377,2385834700.0,1901.481
2013-03-11,1895.046,1899.309,1867.366,1938632700.0,1879.818
2013-03-12,1878.536,1900.357,1837.83,2837510200.0,1854.618
2013-03-13,1853.016,1860.06,1827.646,2194698100.0,1835.612
2013-03-14,1830.713,1850.43,1824.131,2072084900.0,1838.358
2013-03-15,1835.61,1894.248,1815.366,3832547100.0,1841.32
2013-03-18,1829.393,1841.906,1809.439,2592728400.0,1811.239
2013-03-19,1813.322,1836.033,1805.557,2190141600.0,1830.959
2013-03-20,1833.358,1905.895,1833.358,4086617500.0,1905.765
2013-03-21,1906.848,1912.961,1890.54,2651912500.0,1902.295
2013-03-22,1900.149,1913.266,1893.169,2003806400.0,1904.462
2013-03-25,1913.791,1927.371,1898.27,2362514800.0,1901.932
2013-03-26,1891.314,1894.661,1852.156,2840663900.0,1861.259
2013-03-27,1863.515,1891.276,1854.822,2394241000.0,1868.44
2013-03-28,1816.85,1816.85,1782.235,4497912900.0,1791.643
2013-03-29,1791.572,1797.376,1774.924,2579377900.0,1793.194
2013-04-01,1781.793,1796.293,1779.1,1772571800.0,1784.071
2013-04-02,1785.568,1805.739,1771.37,2204660400.0,1783.217
2013-04-03,1787.981,1805.007,1782.785,1875024000.0,1789.666
2013-04-08,1755.763,1775.338,1747.66,1958265400.0,1773.103
2013-04-09,1776.828,1800.57,1776.828,1977779400.0,1788.633
2013-04-10,1787.74,1794.221,1775.611,1721520100.0,1787.928
2013-04-11,1802.507,1808.285,1782.897,1619332600.0,1784.128
2013-04-12,1783.091,1794.335,1773.5,1435489500.0,1774.505
2013-04-15,1768.206,1777.135,1754.7,1743301500.0,1759.802
2013-04-16,1746.314,1774.071,1739.218,2237994300.0,1772.643
2013-04-17,1769.811,1774.493,1747.413,1651113500.0,1761.617
2013-04-18,1745.942,1772.611,1740.26,1753774400.0,1768.15
2013-04-19,1772.641,1836.611,1771.5,3305717000.0,1827.983
2013-04-22,1820.027,1830.994,1814.867,2162122900.0,1823.947
2013-04-23,1828.09,1828.09,1759.415,2322778800.0,1760.677
2013-04-24,1764.029,1809.126,1755.439,2239229100.0,1793.885
2013-04-25,1786.862,1800.561,1762.172,2058464500.0,1778.294
2013-04-26,1786.638,1793.946,1760.223,1671403300.0,1766.037
2013-05-02,1758.379,1766.141,1745.571,1792622200.0,1763.05
2013-05-03,1770.686,1821.379,1770.322,2456165300.0,1795.489
2013-05-06,1804.889,1826.192,1801.364,2199726600.0,1816.598
2013-05-07,1812.033,1824.511,1800.268,1938204200.0,1817.925
2013-05-08,1826.432,1842.126,1814.956,2114642000.0,1824.377
2013-05-09,1825.384,1826.969,1794.421,1944205300.0,1807.862
2013-05-10,1804.175,1823.471,1798.986,1632228400.0,1819.117
2013-05-13,1819.556,1823.036,1800.306,1736063800.0,1810.724
2013-05-14,1806.175,1807.035,1776.695,1831264200.0,1785.575
2013-05-15,1787.836,1795.38,1781.219,1243394600.0,1789.431
2013-05-16,1785.709,1822.674,1770.406,2440490400.0,1821.453
2013-05-17,1819.516,1849.875,1810.316,2756330000.0,1843.809
2013-05-20,1848.324,1877.27,1841.415,2965570700.0,1861.252
2013-05-21,1858.141,1863.026,1840.2,1978147300.0,1851.084
2013-05-22,1850.747,1862.734,1847.466,1913382700.0,1858.198
2013-05-23,1849.256,1855.027,1822.374,2047173700.0,1823.737
2013-05-24,1831.716,1842.863,1814.569,1619764400.0,1829.141
2013-05-27,1825.225,1838.85,1821.157,1787880800.0,1827.263
2013-05-28,1827.604,1870.251,1821.239,3070059700.0,1870.094
2013-05-29,1873.085,1882.751,1860.402,2600340300.0,1861.702
2013-05-30,1855.758,1866.896,1848.555,2055181000.0,1855.456
2013-05-31,1859.238,1865.552,1839.348,1744705500.0,1841.366
2013-06-03,1840.4,1854.38,1833.842,1708802000.0,1838.64
2013-06-04,1837.637,1837.637,1815.686,1849295000.0,1819.503
2013-06-05,1818.811,1820.118,1799.744,1381532200.0,1806.821
2013-06-06,1801.491,1803.814,1782.478,1497873300.0,1784.702
2013-06-07,1783.856,1793.129,1755.599,1988684100.0,1760.224
2013-06-13,1733.142,1733.142,1679.664,2537067200.0,1700.802
2013-06-14,1703.08,1706.964,1692.312,1827829800.0,1704.147
2013-06-17,1709.478,1712.939,1689.492,1464507300.0,1692.476
2013-06-18,1701.23,1711.055,1690.117,1400800100.0,1704.222
2013-06-19,1697.599,1697.599,1668.07,1587833900.0,1687.613
2013-06-20,1677.931,1677.931,1629.753,1864144800.0,1631.554
2013-06-21,1606.971,1645.929,1598.468,2118709000.0,1633.164
2013-06-24,1625.445,1625.445,1524.28,3327422000.0,1525.166
2013-06-25,1508.515,1529.376,1422.984,4051710900.0,1526.803
2013-06-26,1529.052,1529.052,1487.309,2854515300.0,1509.682
2013-06-27,1511.491,1530.156,1498.277,2649866000.0,1512.204
2013-06-28,1504.426,1562.387,1497.437,3111516100.0,1552.383
2013-07-01,1539.778,1551.115,1520.697,2065095000.0,1549.374
2013-07-02,1546.854,1551.269,1519.441,2216232200.0,1541.341
2013-07-03,1530.659,1530.659,1501.083,2290312000.0,1522.911
2013-07-04,1511.516,1550.081,1503.454,2366168000.0,1535.321
2013-07-05,1538.389,1556.592,1535.714,2056604700.0,1542.049
2013-07-08,1518.876,1528.965,1502.236,1932146100.0,1506.727
2013-07-09,1505.91,1513.334,1497.505,1561524100.0,1505.299
2013-07-10,1505.706,1547.315,1500.774,2356141100.0,1546.743
2013-07-11,1555.283,1653.587,1555.283,5367500700.0,1635.66
2013-07-12,1626.549,1634.345,1585.507,3433176000.0,1587.589
2013-07-15,1599.035,1631.99,1582.83,2800125300.0,1604.662
2013-07-16,1597.331,1606.742,1579.448,2124440800.0,1606.341
2013-07-17,1602.484,1612.571,1581.739,2229715500.0,1582.141
2013-07-18,1575.667,1583.305,1547.091,2054031100.0,1549.348
2013-07-19,1551.295,1557.703,1508.275,2413940100.0,1511.4
2013-07-22,1493.987,1515.154,1485.06,1973065600.0,1514.052
2013-07-23,1520.582,1569.735,1514.211,2684214900.0,1555.837
2013-07-24,1541.928,1550.853,1512.973,2208138700.0,1532.353
2013-07-25,1537.73,1548.197,1522.228,1874865400.0,1529.299
2013-07-26,1521.594,1529.103,1512.61,1309346200.0,1521.612
2013-07-29,1505.679,1505.679,1478.196,1889147600.0,1484.21
2013-07-30,1490.823,1524.426,1483.571,1885554300.0,1500.938
2013-07-31,1518.827,1535.847,1499.548,1587620300.0,1504.167
2013-08-01,1513.802,1541.159,1508.805,2012716100.0,1537.81
2013-08-02,1550.887,1558.829,1533.941,1810710400.0,1536.505
2013-08-05,1540.488,1554.287,1533.0,1532522700.0,1554.188
2013-08-06,1547.61,1564.485,1533.243,1947581600.0,1556.297
2013-08-07,1554.882,1575.692,1548.491,2155289100.0,1551.155
2013-08-08,1548.412,1561.338,1538.612,1508555200.0,1544.624
2013-08-09,1554.755,1562.253,1533.222,2172050800.0,1553.044
2013-08-12,1560.163,1610.812,1557.563,3680635100.0,1610.265
2013-08-13,1610.791,1621.888,1602.931,2635371400.0,1619.743
2013-08-14,1622.209,1643.0,1605.283,2369756200.0,1610.218
2013-08-15,1608.621,1624.335,1593.689,1952046700.0,1595.152
2013-08-16,1590.915,1711.432,1573.72,5275540100.0,1592.794
2013-08-19,1576.57,1617.335,1574.023,2677363800.0,1608.865
2013-08-20,1603.394,1628.683,1588.223,2738604800.0,1594.54
2013-08-21,1601.3,1602.945,1575.461,1837062300.0,1588.081
2013-08-22,1582.332,1606.349,1578.312,1775503300.0,1582.618
2013-08-23,1591.747,1595.944,1542.997,2110677700.0,1566.293
2013-08-26,1573.224,1604.254,1566.015,2302602900.0,1601.379
2013-08-27,1598.742,1609.064,1589.053,1921516700.0,1602.002
2013-08-28,1591.348,1603.955,1577.492,2795586500.0,1592.869
2013-08-29,1604.276,1607.02,1580.806,2059721900.0,1588.153
2013-08-30,1586.522,1599.872,1575.77,2361524900.0,1589.777
2013-09-02,1594.986,1601.144,1579.717,2475917300.0,1591.934
2013-09-03,1596.467,1615.126,1591.212,2542037200.0,1614.537
2013-09-04,1612.503,1620.151,1608.9,2189436600.0,1613.537
2013-09-05,1615.527,1616.696,1606.31,1670893000.0,1609.604
2013-09-06,1604.766,1630.295,1604.205,2350710400.0,1625.854
2013-09-09,1643.176,1720.033,1643.176,6638102200.0,1713.385
2013-09-10,1720.386,1738.35,1704.64,6157833700.0,1737.581
2013-09-11,1745.501,1765.943,1736.185,5635468600.0,1741.318
2013-09-12,1741.495,1798.962,1726.103,6027064700.0,1772.664
2013-09-13,1764.032,1776.496,1742.976,3873732600.0,1749.244
2013-09-16,1763.919,1765.47,1722.667,4736661500.0,1738.248
2013-09-17,1744.385,1748.708,1697.11,4151417900.0,1698.629
2013-09-18,1698.608,1710.475,1680.677,2902642500.0,1700.587
2013-09-23,1707.898,1716.091,1694.936,2864825400.0,1713.084
2013-09-24,1709.986,1710.108,1660.225,3449546400.0,1673.558
2013-09-25,1671.538,1687.133,1658.021,2479263600.0,1661.607
2013-09-26,1658.183,1658.183,1629.902,2892238100.0,1632.695
2013-09-27,1630.686,1641.009,1624.875,1996541600.0,1639.152
2013-09-30,1648.149,1653.237,1634.926,1717054100.0,1643.055
2013-10-08,1637.975,1664.21,1622.593,2873614000.0,1659.713
2013-10-09,1653.087,1673.041,1647.382,2377765200.0,1668.476
2013-10-10,1670.786,1671.102,1635.274,2519728800.0,1637.933
2013-10-11,1649.85,1672.017,1644.511,2820165900.0,1669.268
2013-10-14,1670.728,1671.514,1656.734,2857565500.0,1662.168
2013-10-15,1665.634,1666.97,1646.652,2492117900.0,1656.259
2013-10-16,1652.585,1652.585,1626.261,2403668500.0,1634.223
2013-10-17,1642.333,1647.239,1625.474,1935584500.0,1627.177
2013-10-18,1630.552,1647.769,1628.094,1879275600.0,1636.8
2013-10-21,1640.284,1659.566,1626.553,2319049100.0,1657.583
2013-10-22,1656.638,1656.638,1636.192,2247644600.0,1640.066
2013-10-23,1646.934,1669.999,1634.907,2626610800.0,1638.499
2013-10-24,1633.931,1640.624,1618.614,2123207000.0,1621.605
2013-10-25,1622.007,1635.84,1601.659,2451471600.0,1611.519
2013-10-28,1614.678,1616.983,1600.804,1618887500.0,1610.686
2013-10-29,1615.428,1655.928,1606.341,3636821000.0,1633.721
2013-10-30,1634.279,1654.393,1624.532,2820064200.0,1653.417
2013-10-31,1645.122,1645.122,1629.294,2553653900.0,1631.047
2013-11-01,1633.029,1650.528,1628.122,2064177900.0,1644.752
2013-11-04,1654.106,1659.757,1635.337,1650443900.0,1638.512
2013-11-05,1629.793,1637.441,1611.238,1958425700.0,1633.662
2013-11-06,1623.85,1630.831,1613.36,1874947200.0,1614.214
2013-11-07,1615.505,1619.372,1601.599,1590901000.0,1610.584
2013-11-08,1603.221,1613.41,1585.621,1688198000.0,1587.44
2013-11-11,1587.587,1596.467,1579.378,1486765000.0,1591.139
2013-11-12,1595.649,1611.542,1595.649,1573497400.0,1610.777
2013-11-13,1598.998,1599.192,1568.165,2017126600.0,1569.245
2013-11-14,1571.598,1574.58,1559.566,1808942700.0,1572.729
2013-11-15,1573.912,1622.848,1573.68,2982386300.0,1604.823
2013-11-18,1618.164,1676.868,1610.045,4571072200.0,1675.159
2013-11-19,1674.716,1675.88,1656.44,2975057100.0,1659.53
2013-11-20,1671.548,1676.463,1652.394,2315943700.0,1663.759
2013-11-21,1654.446,1654.446,1626.077,2772275000.0,1648.086
2013-11-22,1651.942,1655.647,1637.989,2442465600.0,1642.496
2013-11-25,1633.841,1659.33,1628.907,2270731300.0,1633.782
2013-11-26,1633.844,1641.378,1628.699,1662768800.0,1630.94
2013-11-27,1630.481,1657.779,1627.893,2465412900.0,1648.789
2013-11-28,1651.627,1680.819,1648.956,2818300300.0,1664.625
2013-11-29,1668.947,1671.441,1656.726,1946335700.0,1661.409
2013-12-02,1662.389,1695.632,1655.0,4727674800.0,1678.867
2013-12-03,1672.197,1686.356,1663.616,2624594900.0,1681.509
2013-12-04,1678.958,1709.575,1674.993,3522377600.0,1699.176
2013-12-05,1700.528,1703.128,1689.393,2476064400.0,1692.38
2013-12-06,1688.019,1692.086,1669.641,2299745200.0,1675.255
2013-12-09,1681.206,1687.529,1666.342,1949269900.0,1669.872
2013-12-10,1673.516,1679.451,1664.027,1925156200.0,1670.553
2013-12-11,1662.091,1662.248,1632.732,2426478600.0,1639.182
2013-12-12,1634.472,1641.973,1628.625,1693933100.0,1631.914
2013-12-13,1617.307,1631.56,1614.966,1649595200.0,1626.41
2013-12-16,1627.099,1631.088,1601.689,1971217200.0,1602.455
2013-12-17,1604.711,1607.426,1593.429,1550867700.0,1597.265
2013-12-18,1596.636,1606.638,1592.909,1275789700.0,1598.678
2013-12-19,1605.645,1609.07,1578.916,1735139300.0,1580.113
2013-12-20,1580.906,1583.411,1534.104,2679793900.0,1537.413
2013-12-23,1541.366,1553.558,1528.653,1549020700.0,1541.265
2013-12-24,1547.199,1557.231,1528.162,1515066500.0,1539.599
2013-12-25,1542.043,1547.865,1533.64,1326352400.0,1547.359
2013-12-26,1543.871,1543.871,1522.589,1747730100.0,1524.883
2013-12-27,1528.346,1559.817,1524.191,1943872700.0,1550.221
2013-12-30,1557.509,1560.111,1544.11,1787598000.0,1547.919
2013-12-31,1541.582,1578.245,1539.878,2361629000.0,1574.781
2014-01-02,1570.049,1570.049,1553.476,1572548100.0,1561.099
2014-01-03,1553.446,1554.516,1529.152,2189922800.0,1536.067
2014-01-06,1534.496,1534.496,1498.6,2491819800.0,1512.93
2014-01-07,1500.978,1515.639,1497.775,1547408300.0,1510.654
2014-01-08,1512.09,1527.887,1504.426,1772188600.0,1515.333
2014-01-09,1511.976,1525.725,1500.572,1634130500.0,1503.881
2014-01-10,1500.005,1506.781,1493.495,1693272600.0,1498.268
2014-01-13,1500.858,1510.316,1489.23,1711106000.0,1494.613
2014-01-14,1493.889,1505.457,1482.908,1766276400.0,1499.285
2014-01-15,1496.828,1498.898,1480.176,1472035700.0,1488.509
2014-01-16,1489.047,1504.43,1482.758,1744088600.0,1493.094
2014-01-17,1487.802,1489.605,1470.865,1800564400.0,1475.671
2014-01-20,1472.394,1476.885,1459.446,1277569700.0,1464.842
2014-01-21,1467.15,1488.714,1467.15,1267746900.0,1478.884
2014-01-22,1480.842,1514.787,1478.079,2415884000.0,1514.121
2014-01-23,1511.793,1514.967,1496.662,1743047600.0,1499.031
2014-01-24,1493.689,1514.107,1491.015,1897613100.0,1502.065
2014-01-27,1491.825,1491.825,1475.5,1902341400.0,1478.865
2014-01-28,1483.409,1492.427,1477.25,1494576200.0,1487.803
2014-01-29,1493.213,1498.575,1488.696,1478746600.0,1494.49
2014-01-30,1489.506,1489.721,1475.773,1276934300.0,1477.345
2014-02-07,1467.362,1475.719,1458.492,1382621000.0,1475.343
2014-02-10,1480.595,1507.356,1480.525,2427684400.0,1505.834
2014-02-11,1505.66,1536.462,1500.845,3420919300.0,1528.322
2014-02-12,1528.884,1537.889,1521.268,2381377500.0,1527.001
2014-02-13,1525.525,1548.617,1519.382,3524063500.0,1528.015
2014-02-14,1527.212,1536.355,1525.151,2123573300.0,1534.239
2014-02-17,1545.182,1549.905,1529.19,2693001100.0,1538.105
2014-02-18,1535.887,1535.887,1505.42,2530762400.0,1508.541
2014-02-19,1507.494,1541.45,1504.951,3162630100.0,1533.396
2014-02-20,1537.938,1556.424,1519.363,3612635200.0,1520.138
2014-02-21,1517.916,1521.767,1496.086,2424011200.0,1505.331
2014-02-24,1492.285,1492.285,1458.167,2888480000.0,1468.06
2014-02-25,1469.257,1475.97,1437.01,2617136000.0,1440.892
2014-02-26,1434.861,1447.168,1429.611,2325252700.0,1444.198
2014-02-27,1449.141,1462.125,1437.642,3246858100.0,1452.461
2014-02-28,1447.772,1467.1,1437.313,2594021500.0,1464.321
2014-03-03,1459.857,1467.708,1452.135,2983984100.0,1462.686
2014-03-04,1458.675,1468.46,1448.687,2625804700.0,1464.284
2014-03-05,1466.011,1466.958,1445.666,2035846000.0,1448.331
2014-03-06,1446.569,1466.033,1435.937,2521621200.0,1459.508
2014-03-07,1456.086,1472.075,1451.712,2346084200.0,1455.585
2014-03-10,1442.976,1442.989,1407.494,2530510300.0,1408.873
2014-03-11,1406.066,1420.901,1403.31,1889792000.0,1412.733
2014-03-12,1408.051,1429.299,1403.279,2271845000.0,1418.698
2014-03-13,1425.844,1451.294,1421.686,2647944700.0,1437.392
2014-03-14,1429.784,1438.672,1416.675,1966609300.0,1426.395
2014-03-17,1435.267,1438.367,1421.416,1498997400.0,1434.157
2014-03-18,1437.54,1438.931,1425.739,1802443200.0,1427.63
2014-03-19,1422.342,1422.342,1406.552,1602253200.0,1418.707
2014-03-20,1415.669,1432.511,1406.258,2055904300.0,1406.915
2014-03-21,1402.813,1468.935,1402.182,4341838000.0,1464.08
2014-03-24,1468.81,1486.85,1462.179,4190667000.0,1477.532
2014-03-25,1473.182,1483.323,1464.538,2558127700.0,1470.121
2014-03-26,1476.248,1480.14,1462.569,1991206500.0,1467.08
2014-03-27,1464.172,1486.373,1450.453,2586058500.0,1464.53
2014-03-28,1465.031,1483.586,1463.533,2601458200.0,1472.047
2014-03-31,1473.151,1477.883,1457.834,1957416300.0,1465.783
2014-04-01,1463.707,1481.006,1461.177,1668913300.0,1473.142
2014-04-02,1475.938,1492.752,1473.827,2338082600.0,1491.303
2014-04-03,1498.111,1504.539,1476.024,2596637100.0,1477.488
2014-04-04,1471.487,1491.049,1469.696,1588061400.0,1490.334
2014-04-08,1488.647,1543.411,1488.064,4336018000.0,1534.747
2014-04-09,1535.214,1539.738,1525.096,2462313700.0,1530.875
2014-04-10,1532.222,1587.622,1522.49,4852679700.0,1570.397
2014-04-11,1568.242,1576.94,1557.511,3740053500.0,1565.308
2014-04-14,1562.191,1568.525,1547.861,2101796000.0,1557.7
2014-04-15,1550.426,1550.529,1520.996,2407461600.0,1523.22
2014-04-16,1519.241,1536.925,1518.428,1912048000.0,1527.054
2014-04-17,1533.067,1534.601,1517.047,1625876300.0,1520.562
2014-04-18,1513.681,1524.726,1503.636,1937480600.0,1521.278
2014-04-21,1510.182,1526.016,1493.25,1897348900.0,1493.756
2014-04-22,1492.077,1510.873,1487.774,2050533700.0,1509.547
2014-04-23,1504.536,1514.733,1502.639,1864788800.0,1507.041
2014-04-24,1506.593,1523.25,1504.189,1591494300.0,1510.285
2014-04-25,1516.685,1522.244,1500.604,2402751800.0,1501.046
2014-04-28,1499.685,1505.111,1481.706,1955266800.0,1483.776
2014-04-29,1484.005,1497.669,1478.51,1878896300.0,1496.009
2014-04-30,1499.12,1500.349,1491.437,1887391700.0,1494.808
2014-05-05,1490.102,1493.846,1473.027,1957922500.0,1487.532
2014-05-06,1484.007,1497.71,1480.671,1753224500.0,1485.25
2014-05-07,1481.944,1485.488,1475.314,1591290700.0,1476.176
2014-05-08,1474.726,1499.736,1471.648,1726268600.0,1478.717
2014-05-09,1482.323,1486.889,1474.517,1539190700.0,1480.737
2014-05-12,1492.628,1513.124,1483.456,2820170800.0,1508.387
2014-05-13,1507.004,1510.892,1498.401,2010458300.0,1503.517
2014-05-14,1504.424,1510.33,1498.605,1528214100.0,1500.825
2014-05-15,1499.217,1503.092,1487.097,1613387900.0,1488.771
2014-05-16,1489.503,1493.192,1480.833,1346617800.0,1487.735
2014-05-19,1482.043,1482.172,1454.409,1575537700.0,1459.212
2014-05-20,1466.053,1468.897,1456.438,1243534100.0,1460.82
2014-05-21,1454.488,1474.936,1447.936,1191695200.0,1474.139
2014-05-22,1472.341,1493.18,1469.417,1551253300.0,1471.552
2014-05-23,1472.409,1484.592,1471.23,1188546500.0,1484.375
2014-05-26,1493.343,1495.784,1480.69,1209119000.0,1486.049
2014-05-27,1484.818,1488.667,1478.311,1250144700.0,1479.733
2014-05-28,1479.495,1493.152,1474.846,1557102400.0,1491.756
2014-05-29,1492.659,1497.678,1483.809,1429096700.0,1484.307
2014-05-30,1485.102,1490.06,1478.002,1360237400.0,1482.096
2014-06-03,1482.439,1491.042,1476.741,1304082000.0,1477.522
2014-06-04,1478.2,1478.438,1459.528,1365307400.0,1466.387
2014-06-05,1465.536,1484.706,1463.038,1276574100.0,1484.241
2014-06-06,1484.521,1484.521,1464.529,1202046400.0,1472.268
2014-06-09,1466.639,1489.768,1466.149,1345680000.0,1475.347
2014-06-10,1479.865,1493.943,1474.196,1896658400.0,1493.533
2014-06-11,1489.367,1493.128,1483.507,1299223100.0,1488.764
2014-06-12,1486.893,1490.008,1481.832,1407643300.0,1483.861
2014-06-13,1483.58,1509.021,1483.444,2190008400.0,1502.961
2014-06-16,1503.662,1521.963,1501.335,2403881500.0,1518.705
2014-06-17,1512.461,1512.461,1500.334,1646147100.0,1501.939
2014-06-18,1501.194,1504.496,1493.716,1552385600.0,1495.431
2014-06-19,1496.659,1500.993,1473.667,1693815700.0,1478.038
2014-06-20,1475.937,1485.165,1474.436,1338516100.0,1484.479
2014-06-23,1483.656,1489.313,1474.926,1305632200.0,1475.76
2014-06-24,1471.734,1481.15,1470.589,1265998000.0,1480.128
2014-06-25,1477.093,1477.093,1466.396,1171418900.0,1469.954
2014-06-26,1471.646,1480.829,1471.607,1303932200.0,1478.006
2014-06-27,1475.72,1480.817,1468.21,1632084000.0,1473.756
2014-06-30,1475.719,1486.955,1475.719,1656844500.0,1482.405
2014-07-01,1486.792,1488.141,1476.392,1519737700.0,1481.663
2014-07-02,1481.331,1486.405,1476.581,1672272500.0,1484.841
2014-07-03,1481.849,1492.102,1479.056,1718850600.0,1489.545
2014-07-04,1489.816,1495.039,1489.465,1584462000.0,1492.463
2014-07-07,1493.068,1497.718,1488.512,1596980200.0,1492.836
2014-07-08,1491.721,1493.835,1484.126,1372506900.0,1491.964
2014-07-09,1490.945,1491.968,1474.869,1872713400.0,1475.137
2014-07-10,1475.177,1478.71,1468.734,1657442800.0,1471.168
2014-07-11,1462.349,1474.074,1460.906,1821782900.0,1468.541
2014-07-14,1468.692,1482.995,1466.407,1982969300.0,1482.777
2014-07-15,1481.109,1487.2,1478.441,2157233600.0,1484.662
2014-07-16,1482.327,1490.191,1480.595,2454217700.0,1483.176
2014-07-17,1479.121,1479.286,1468.382,1648474100.0,1473.668
2014-07-18,1466.577,1486.271,1464.753,2090197900.0,1478.755
2014-07-21,1478.725,1483.619,1474.799,1676029600.0,1479.837
2014-07-22,1476.225,1500.499,1475.597,2484082800.0,1495.927
2014-07-23,1495.247,1512.367,1494.934,2857820700.0,1506.755
2014-07-24,1508.981,1546.188,1508.981,4431152700.0,1541.899
2014-07-25,1546.521,1557.578,1541.296,3120610500.0,1557.015
2014-07-28,1566.329,1617.476,1566.329,6666410500.0,1609.477
2014-07-29,1610.913,1621.064,1601.977,4680623100.0,1611.852
2014-07-30,1606.717,1619.18,1598.264,4433815500.0,1601.377
2014-07-31,1602.67,1622.646,1597.269,3474391600.0,1621.847
2014-08-01,1616.794,1639.319,1607.565,4426750400.0,1607.974
2014-08-04,1614.901,1644.958,1608.313,4454097400.0,1644.634
2014-08-05,1644.234,1646.317,1622.029,3319083200.0,1632.408
2014-08-06,1624.028,1626.917,1602.993,3283637100.0,1619.012
2014-08-07,1619.201,1623.004,1592.035,3558256700.0,1593.419
2014-08-08,1595.191,1600.798,1586.092,2841162500.0,1595.662
2014-08-11,1601.305,1621.713,1600.682,2772883600.0,1619.253
2014-08-12,1615.137,1615.137,1601.563,2499988200.0,1607.91
2014-08-13,1609.456,1619.185,1596.218,3010419500.0,1610.139
2014-08-14,1610.39,1614.584,1595.17,2794567300.0,1596.839
2014-08-15,1598.522,1615.876,1593.222,2740658900.0,1612.004
2014-08-18,1614.225,1623.901,1607.435,2629049800.0,1613.127
2014-08-19,1614.392,1615.207,1598.064,2840078300.0,1609.093
2014-08-20,1605.504,1605.509,1596.96,2410818200.0,1600.338
2014-08-21,1599.551,1600.275,1576.318,2727797500.0,1587.025
2014-08-22,1585.11,1596.285,1583.607,2395343600.0,1594.183
2014-08-25,1594.706,1595.44,1575.706,2650126500.0,1577.425
2014-08-26,1575.779,1584.146,1568.735,2362160000.0,1573.391
2014-08-27,1573.523,1578.689,1569.978,1641932100.0,1572.791
2014-08-28,1573.529,1580.68,1563.402,2079015400.0,1563.889
2014-08-29,1570.395,1582.284,1565.522,2201280100.0,1581.284
2014-09-01,1582.023,1587.392,1576.219,2213287100.0,1586.022
2014-09-02,1588.619,1609.006,1581.135,3468071000.0,1607.499
2014-09-03,1609.301,1628.185,1608.95,3840963500.0,1624.032
2014-09-04,1626.913,1638.894,1621.241,3270024900.0,1637.287
2014-09-05,1643.277,1657.605,1641.107,4187043700.0,1656.237
2014-09-09,1657.61,1660.007,1642.44,3066428000.0,1645.112
2014-09-10,1637.485,1637.485,1626.107,2930072200.0,1629.985
2014-09-11,1627.959,1648.957,1619.482,3645671300.0,1622.815
2014-09-12,1619.05,1630.28,1614.535,2846877000.0,1630.204
2014-09-15,1625.868,1626.053,1614.228,3439118800.0,1624.068
2014-09-16,1626.389,1629.686,1598.86,5045413700.0,1600.916
2014-09-17,1607.158,1609.532,1596.536,2989564000.0,1604.916
2014-09-18,1601.496,1616.48,1596.715,3347401900.0,1609.869
2014-09-19,1609.856,1623.244,1604.709,3038953300.0,1619.581
2014-09-22,1613.814,1613.814,1580.973,2997896900.0,1583.886
2014-09-23,1584.289,1598.649,1584.158,2402463900.0,1595.642
2014-09-24,1589.345,1628.507,1586.696,4533270300.0,1625.731
2014-09-25,1633.445,1636.22,1613.528,3750253500.0,1618.524
2014-09-26,1613.912,1618.322,1605.528,2620004100.0,1616.088
2014-09-29,1621.088,1627.186,1613.788,3920492200.0,1621.816
2014-09-30,1623.041,1625.009,1615.073,3337974400.0,1619.697
2014-10-08,1625.258,1633.618,1614.504,3878025200.0,1633.571
2014-10-09,1633.541,1639.167,1624.221,4035723200.0,1634.042
2014-10-10,1626.578,1630.368,1616.673,3684314700.0,1621.713
2014-10-13,1614.197,1614.197,1593.656,3387618900.0,1605.986
2014-10-14,1603.347,1614.978,1595.251,3300689300.0,1600.299
2014-10-15,1599.895,1615.31,1593.393,3458331700.0,1612.772
2014-10-16,1602.383,1629.092,1599.159,4969448800.0,1608.735
2014-10-17,1608.983,1616.374,1592.698,4325261300.0,1608.516
2014-10-20,1613.801,1615.394,1606.124,2867398200.0,1612.402
2014-10-21,1612.095,1615.288,1599.861,3036666200.0,1600.844
2014-10-22,1602.451,1612.749,1596.14,2928230800.0,1597.125
2014-10-23,1595.819,1604.497,1584.616,3397576900.0,1586.557
2014-10-24,1587.907,1592.32,1580.711,2688345200.0,1583.419
2014-10-27,1572.886,1572.886,1556.545,2473160000.0,1559.906
2014-10-28,1562.748,1586.295,1562.748,2757734900.0,1585.744
2014-10-29,1591.278,1616.055,1586.168,4000484900.0,1608.402
2014-10-30,1607.482,1623.742,1602.553,5007805600.0,1619.096
2014-10-31,1623.649,1665.465,1623.322,8329494700.0,1657.286
2014-11-03,1662.748,1664.432,1646.434,5894742300.0,1651.052
2014-11-04,1648.112,1650.808,1639.678,5838929300.0,1645.624
2014-11-05,1645.291,1647.665,1632.716,5181332900.0,1637.625
2014-11-06,1639.926,1643.186,1625.986,4019334600.0,1635.964
2014-11-07,1637.139,1667.7,1633.028,6729359500.0,1640.323
2014-11-10,1671.225,1689.054,1657.137,8556245000.0,1689.024
2014-11-11,1701.224,1740.917,1693.245,13375732900.0,1710.882
2014-11-12,1699.202,1731.33,1693.383,6601756300.0,1731.021
2014-11-13,1734.169,1750.836,1720.73,7996893500.0,1726.337
2014-11-14,1719.583,1729.718,1706.835,6124875600.0,1728.805
2014-11-17,1758.991,1758.991,1706.944,5815895000.0,1708.096
2014-11-18,1709.136,1709.278,1676.445,5511740700.0,1679.423
2014-11-19,1675.843,1681.974,1667.902,4078235400.0,1671.654
2014-11-20,1667.138,1683.607,1662.723,3744083900.0,1676.598
2014-11-21,1676.395,1717.305,1669.184,5364956900.0,1714.711
2014-11-24,1729.27,1772.891,1722.709,10498636500.0,1758.096
2014-11-25,1757.676,1780.56,1752.383,7308158100.0,1777.673
2014-11-26,1786.933,1821.1,1786.564,9344413000.0,1820.489
2014-11-27,1834.245,1853.419,1825.345,10847290300.0,1853.004
2014-11-28,1853.548,1915.808,1846.148,16235842900.0,1914.44
2014-12-01,1936.811,1968.907,1916.626,15615122000.0,1920.38
2014-12-02,1910.374,2040.469,1909.369,15326342100.0,2021.54
2014-12-03,2031.132,2107.682,1999.73,19169006800.0,2037.585
2014-12-04,2043.466,2161.388,2032.41,17227108200.0,2160.66
2014-12-05,2201.819,2259.512,2115.42,22531739400.0,2200.253
2014-12-08,2187.504,2317.555,2160.485,19908190800.0,2298.849
2014-12-09,2283.161,2402.133,2149.596,26926671600.0,2182.693
2014-12-10,2198.843,2263.992,2111.882,19002797400.0,2254.823
2014-12-11,2211.544,2269.487,2190.249,14604794300.0,2193.542
2014-12-12,2186.738,2250.566,2176.317,11152881800.0,2193.287
2014-12-15,2170.28,2208.658,2139.469,10868732400.0,2201.536
2014-12-16,2205.882,2299.383,2195.504,14817589700.0,2299.278
2014-12-17,2326.846,2392.566,2307.184,21136280000.0,2383.948
2014-12-18,2389.843,2413.676,2343.739,15862150800.0,2364.041
2014-12-19,2366.451,2408.484,2304.611,15843819900.0,2390.28
2014-12-22,2393.044,2479.108,2375.907,21815571200.0,2426.684
2014-12-23,2392.614,2462.072,2360.718,13594650000.0,2374.954
2014-12-24,2381.409,2388.412,2238.654,12359699600.0,2270.883
2014-12-25,2295.218,2360.215,2263.424,12125972200.0,2359.655
2014-12-26,2365.032,2471.045,2357.669,15209287400.0,2464.819
2014-12-29,2533.987,2557.381,2437.754,18458166900.0,2481.663
2014-12-30,2481.084,2550.465,2464.429,14946400200.0,2523.627
2014-12-31,2529.575,2590.091,2507.944,15467581000.0,2581.567
2015-01-05,2612.85,2678.443,2583.554,18242556600.0,2649.639
2015-01-06,2616.291,2691.489,2591.828,17343999300.0,2629.402
2015-01-07,2608.877,2668.839,2598.89,12831772000.0,2635.231
2015-01-08,2647.817,2656.752,2551.816,11836791500.0,2558.107
2015-01-09,2554.286,2692.607,2540.342,15620951000.0,2569.019
2015-01-12,2565.737,2596.268,2499.869,11918358600.0,2543.852
2015-01-13,2537.975,2567.62,2512.861,7707908000.0,2527.828
2015-01-14,2539.249,2569.451,2508.657,8412231000.0,2534.23
2015-01-15,2534.766,2633.397,2516.612,11192316700.0,2632.89
2015-01-16,2642.744,2685.306,2626.82,13495118000.0,2653.034
2015-01-19,2448.927,2512.58,2399.435,14016357000.0,2410.201
2015-01-20,2381.143,2439.251,2355.258,13747663600.0,2403.724
2015-01-21,2425.261,2553.696,2414.885,14880047700.0,2542.318
2015-01-22,2546.701,2557.695,2504.066,11370877700.0,2544.308
2015-01-23,2556.915,2612.931,2543.455,12455134900.0,2564.514
2015-01-26,2563.91,2565.362,2528.076,9597946800.0,2562.363
2015-01-27,2570.432,2574.331,2473.808,11654287600.0,2522.103
2015-01-28,2497.05,2534.583,2476.277,8635638000.0,2486.285
2015-01-29,2444.395,2465.312,2419.988,8140496500.0,2442.038
2015-01-30,2456.054,2471.228,2400.628,7659115000.0,2405.38
2015-02-02,2337.196,2376.426,2329.151,8467689300.0,2332.533
2015-02-03,2362.413,2413.006,2335.107,8227465900.0,2405.76
2015-02-04,2412.754,2439.605,2370.569,7753135800.0,2372.455
2015-02-05,2456.384,2456.569,2348.448,11071325100.0,2348.921
2015-02-06,2335.362,2366.331,2303.112,7693111300.0,2325.241
2015-02-09,2319.241,2392.822,2311.799,7390338300.0,2366.766
2015-02-10,2363.159,2409.024,2355.136,6886203100.0,2403.548
2015-02-11,2408.079,2423.348,2395.195,5053898300.0,2415.128
2015-02-12,2415.139,2425.635,2384.493,6066235800.0,2416.449
2015-02-13,2426.953,2464.076,2415.425,8379347900.0,2427.474
2015-02-16,2427.168,2437.843,2413.604,6260811600.0,2431.21
2015-02-17,2437.689,2464.524,2437.689,6001057300.0,2445.26
2015-02-25,2448.199,2448.199,2395.527,6398738400.0,2407.457
2015-02-26,2401.138,2482.443,2382.687,9470706200.0,2478.061
2015-02-27,2476.486,2498.697,2466.827,8565192300.0,2474.595
2015-03-02,2495.571,2498.716,2459.421,8805251800.0,2479.237
2015-03-03,2462.003,2462.003,2395.83,9127474200.0,2396.805
2015-03-04,2403.862,2416.219,2378.927,6429528500.0,2397.993
2015-03-05,2379.732,2382.892,2344.947,7777330000.0,2366.899
2015-03-06,2370.885,2393.739,2366.019,6480420500.0,2371.623
2015-03-09,2352.223,2443.204,2321.265,10619571600.0,2429.867
2015-03-10,2413.837,2424.151,2390.604,7843558600.0,2395.428
2015-03-11,2401.261,2444.655,2399.54,7007419000.0,2408.503
2015-03-12,2444.415,2505.633,2423.431,12477820100.0,2485.114
2015-03-13,2494.345,2532.154,2477.396,10420594100.0,2495.277
2015-03-16,2512.353,2551.445,2485.291,10413208200.0,2550.861
2015-03-17,2576.413,2586.431,2556.469,13209205200.0,2583.198
2015-03-18,2595.739,2649.816,2592.264,14795882100.0,2649.642
2015-03-19,2649.002,2649.002,2613.765,13359586800.0,2630.243
2015-03-20,2642.798,2710.128,2617.065,15375499400.0,2680.679
2015-03-23,2700.157,2724.644,2690.48,14209193500.0,2720.671
2015-03-24,2719.506,2720.03,2649.621,15361757900.0,2683.647
2015-03-25,2674.352,2691.238,2626.659,13227039900.0,2649.161
2015-03-26,2637.527,2714.63,2621.451,13344292500.0,2687.762
2015-03-27,2693.189,2715.007,2664.864,11986937400.0,2689.24
2015-03-30,2716.431,2793.414,2704.798,18138365900.0,2784.456
2015-03-31,2826.634,2860.24,2744.927,17583371800.0,2754.658
2015-04-01,2758.962,2810.649,2751.372,12528132200.0,2799.451
2015-04-02,2821.214,2824.822,2746.302,12218473400.0,2781.641
2015-04-03,2771.03,2817.624,2764.347,11296925100.0,2817.181
2015-04-07,2854.407,2889.859,2838.885,16013944200.0,2889.452
2015-04-08,2907.584,2960.653,2879.974,17985383700.0,2952.079
2015-04-09,2973.811,3021.85,2914.695,17676448300.0,2931.772
2015-04-10,2925.926,2992.408,2911.463,14121595800.0,2986.605
2015-04-13,3040.007,3059.775,3016.965,16933958300.0,3041.125
2015-04-14,3057.407,3074.671,3013.312,16230036200.0,3052.407
2015-04-15,3054.017,3119.484,3039.255,17902592900.0,3053.304
2015-04-16,3045.851,3183.583,3033.248,17196755400.0,3183.302
2015-04-17,3251.977,3271.567,3216.206,20765993400.0,3235.332
2015-04-20,3267.851,3296.18,3146.84,26597612700.0,3164.461
2015-04-21,3163.288,3214.893,3135.218,18442769200.0,3214.364
2015-04-22,3219.696,3300.836,3204.437,20173807100.0,3299.221
2015-04-23,3311.071,3313.81,3245.762,17713793100.0,3273.398
2015-04-24,3226.384,3250.23,3161.972,18513593600.0,3223.958
2015-04-27,3257.97,3313.251,3257.97,20026697500.0,3308.454
2015-04-28,3309.529,3370.025,3255.769,26604285900.0,3282.33
2015-04-29,3268.518,3304.707,3243.539,14666628500.0,3283.282
2015-04-30,3290.581,3309.419,3249.246,14628827900.0,3250.49
2015-05-04,3250.125,3273.149,3204.306,13327095300.0,3272.005
2015-05-05,3266.809,3270.962,3132.936,17060778100.0,3148.813
2015-05-06,3175.886,3244.596,3110.111,14799113800.0,3139.02
2015-05-07,3116.788,3142.137,3093.732,10944092900.0,3094.883
2015-05-08,3126.002,3138.661,3045.01,10327816500.0,3110.455
2015-05-11,3112.241,3169.867,3075.201,13376665900.0,3169.134
2015-05-12,3162.671,3200.184,3136.458,13081305400.0,3188.313
2015-05-13,3188.061,3188.961,3122.337,11730550400.0,3141.296
2015-05-14,3136.128,3153.748,3107.681,10533870600.0,3128.572
2015-05-15,3122.894,3124.605,3044.854,10999319500.0,3060.411
2015-05-18,3032.708,3045.586,2997.129,8704172400.0,2998.389
2015-05-19,2996.841,3127.001,2996.716,11120662700.0,3116.086
2015-05-20,3127.566,3181.54,3105.626,12455733200.0,3122.85
2015-05-21,3132.335,3156.488,3110.999,9475578400.0,3150.901
2015-05-22,3180.39,3249.516,3170.453,15002110400.0,3248.855
2015-05-25,3263.96,3350.518,3263.96,15858571000.0,3349.945
2015-05-26,3382.76,3390.287,3320.154,14789468400.0,3386.593
2015-05-27,3390.981,3404.756,3327.241,14747053900.0,3344.738
2015-05-28,3336.7,3350.218,3120.973,17825520600.0,3124.621
2015-05-29,3127.636,3161.58,3036.957,13378440400.0,3111.334
2015-06-01,3114.793,3250.605,3082.163,14102337300.0,3244.319
2015-06-02,3240.796,3269.216,3201.224,13480053300.0,3258.31
2015-06-03,3251.909,3259.706,3193.544,12830697700.0,3238.428
2015-06-04,3244.459,3316.501,3113.222,18456793900.0,3299.03
2015-06-05,3349.573,3365.59,3234.246,18814564800.0,3303.988
2015-06-08,3333.833,3469.216,3308.296,24825404200.0,3458.707
2015-06-09,3494.823,3494.823,3376.025,22044856100.0,3413.996
2015-06-10,3362.807,3415.2762,3338.6844,15529469100.0,3370.3833
2015-06-11,3368.9989,3383.4882,3313.5902,13807384800.0,3347.1161
2015-06-12,3364.4434,3374.815,3319.1998,14526225500.0,3350.2482
2015-06-15,3359.7065,3366.8387,3254.6189,16732255900.0,3262.4793
2015-06-16,3233.1467,3275.4742,3149.0828,15596989800.0,3179.6524
2015-06-17,3198.1427,3222.4383,3144.4881,15957156300.0,3211.7065
2015-06-18,3183.2291,3183.2291,3067.4846,13734504200.0,3068.4878
2015-06-19,3030.2239,3067.8172,2900.7908,13178392400.0,2903.0573
2015-06-23,2907.0748,3007.6261,2822.4705,13561764400.0,3003.1629
2015-06-24,3009.7687,3052.1133,2962.6465,14158588200.0,3045.2444
2015-06-25,3069.3999,3082.5578,2929.107,16015830700.0,2943.9898
2015-06-26,2875.1223,2953.9593,2678.7693,18335580400.0,2736.695
2015-06-29,2802.7716,2822.1132,2530.8302,21201871400.0,2678.3683
2015-06-30,2678.6344,2872.5084,2628.0039,21959229800.0,2870.0253
2015-07-01,2823.9443,2872.907,2721.4761,16995770200.0,2736.8473
2015-07-02,2767.9858,2805.6667,2611.8627,20904575400.0,2714.2469
2015-07-03,2674.5573,2738.658,2511.1647,18436191800.0,2582.2655
2015-07-06,2807.7542,2807.7542,2649.5575,34483427900.0,2749.9982
2015-07-07,2682.5006,2825.4855,2612.1145,35031479800.0,2812.4457
2015-07-08,2596.7123,2760.5217,2546.462,37745940000.0,2608.9765
2015-07-09,2575.3428,2828.752,2493.644,27117677000.0,2781.0767
2015-07-10,2749.1204,2997.5974,2717.7117,29625184200.0,2898.4101
2015-07-13,2855.7002,2949.1971,2805.9126,23334105500.0,2869.0511
2015-07-14,2821.9709,2843.2483,2717.031,19436842400.0,2763.0728
2015-07-15,2725.9236,2779.9476,2665.9496,18594802800.0,2757.9508
2015-07-16,2754.8286,2779.9974,2708.7151,13524616300.0,2742.8468
2015-07-17,2756.8658,2834.1789,2723.7387,13024111200.0,2807.0649
2015-07-20,2798.5598,2815.7011,2766.9428,13086249500.0,2783.7614
2015-07-21,2757.66,2799.8154,2743.1549,11582657800.0,2772.7737
2015-07-22,2757.2843,2770.9961,2721.3539,10665453000.0,2739.7856
2015-07-23,2741.4243,2796.3681,2736.3752,11358203900.0,2790.7639
2015-07-24,2794.054,2807.6198,2735.2994,12392890800.0,2741.0438
2015-07-27,2698.798,2715.3594,2491.1185,13664510400.0,2493.2903
2015-07-28,2427.0279,2531.2314,2400.8663,14033885500.0,2485.6742
2015-07-29,2496.8951,2535.6019,2459.0816,9307815400.0,2531.4449
2015-07-30,2525.0843,2548.2697,2459.9243,8694982700.0,2467.3671
2015-07-31,2452.0468,2490.6587,2432.4937,7472537400.0,2461.2401
2015-08-03,2433.2417,2479.9511,2419.8504,8807341000.0,2479.7243
2015-08-04,2476.1579,2535.2804,2462.7302,6603231700.0,2534.7111
2015-08-05,2529.1331,2537.354,2485.5984,6288967000.0,2487.0616
2015-08-06,2452.5275,2505.5338,2446.9585,4780004700.0,2467.5246
2015-08-07,2489.8051,2520.0376,2479.2458,5756323900.0,2503.7961
2015-08-10,2527.6156,2626.3575,2517.9473,10962661300.0,2617.6592
2015-08-11,2612.948,2623.8365,2578.6485,9958425600.0,2590.7101
2015-08-12,2562.6807,2598.5081,2557.2598,7535253000.0,2561.1265
2015-08-13,2562.874,2585.9229,2522.3524,7008074200.0,2580.7779
2015-08-14,2588.4321,2592.1695,2565.5918,7294157200.0,2577.0381
2015-08-17,2560.3713,2561.9626,2524.1277,7113381900.0,2550.4668
2015-08-18,2554.0761,2572.2131,2405.8283,10124871300.0,2407.9666
2015-08-19,2379.2091,2431.6113,2326.2363,9048531900.0,2430.2809
2015-08-20,2406.5701,2421.0257,2356.3339,6834685300.0,2356.9173
2015-08-21,2336.4496,2362.8436,2261.3069,7846755300.0,2271.3586
2015-08-24,2195.4567,2203.6341,2046.8446,11542038300.0,2058.2515
2015-08-25,1947.1445,2044.5585,1890.3788,11856957700.0,1914.0515
2015-08-26,1930.2009,2028.4016,1874.2162,12411179600.0,1942.4498
2015-08-27,1989.5864,2095.456,1957.7364,11658547000.0,2094.7223
2015-08-28,2120.3581,2167.8984,2097.7759,11529986000.0,2159.9579
2015-08-31,2135.603,2214.1052,2071.4057,11719305200.0,2210.4467
2015-09-01,2155.956,2239.4575,2103.4785,15831034400.0,2230.321
2015-09-02,2143.2435,2248.7663,2137.1926,16606144800.0,2243.6313
2015-09-07,2215.1763,2247.4407,2127.4789,8567205700.0,2133.9783
2015-09-08,2115.8961,2185.4036,2084.0297,6198041400.0,2180.1306
2015-09-09,2186.3707,2225.2691,2175.7703,7696297300.0,2211.1995
2015-09-10,2183.6064,2218.1368,2175.3664,5303531900.0,2208.4814
2015-09-11,2199.5849,2218.8224,2180.2347,3622196900.0,2195.3905
2015-09-14,2205.7054,2228.9573,2126.2884,8478535800.0,2228.1535
2015-09-15,2179.2388,2188.3566,2142.02,5548432800.0,2175.1725
2015-09-16,2161.01,2277.5828,2142.2004,5602654800.0,2241.9486
2015-09-17,2223.4025,2260.8497,2194.0283,5584288700.0,2194.8233
2015-09-18,2204.578,2226.7505,2192.2657,3607430100.0,2198.9898
2015-09-21,2185.0768,2220.024,2176.6584,3690151300.0,2214.4483
2015-09-22,2217.7792,2259.0709,2210.4944,4256376700.0,2237.3135
2015-09-23,2208.2518,2219.2406,2174.92,3423454800.0,2178.546
2015-09-24,2190.3099,2198.4924,2170.6778,2507485200.0,2188.0879
2015-09-25,2180.2874,2191.3604,2150.0182,3599201000.0,2183.4036
2015-09-28,2169.1521,2175.9703,2145.7497,2026861800.0,2169.941
2015-09-29,2139.7966,2145.9867,2114.301,2548256000.0,2127.2026
2015-09-30,2138.1478,2161.7115,2133.879,2502692500.0,2146.118
2015-10-08,2231.0245,2231.2415,2189.9876,3925563000.0,2191.3432
2015-10-09,2202.1335,2226.4226,2195.1582,3313522200.0,2219.2937
2015-10-12,2223.3251,2308.1886,2220.6321,6235454500.0,2283.4292
2015-10-13,2268.7585,2282.0407,2259.2671,3690453700.0,2270.9481
2015-10-14,2263.5923,2284.6197,2252.3809,4196146300.0,2253.9082
2015-10-15,2254.403,2297.9562,2252.3297,4694218900.0,2297.9014
2015-10-16,2310.3544,2328.3035,2301.4867,6016847500.0,2323.7752
2015-10-19,2329.3956,2346.346,2303.1651,5322538000.0,2318.4716
2015-10-20,2312.5313,2337.7977,2297.7548,4669890500.0,2337.0801
2015-10-21,2338.7144,2369.3709,2268.8233,9767171800.0,2340.3603
2015-10-22,2306.0669,2337.4006,2297.0495,5465178100.0,2331.7909
2015-10-23,2334.5424,2350.1187,2319.775,4885481300.0,2343.9648
2015-10-26,2366.8375,2381.7134,2340.4955,5279820800.0,2350.0196
2015-10-27,2343.8724,2353.648,2302.0927,4664322000.0,2349.9042
2015-10-28,2338.3863,2342.4533,2308.5454,4093916200.0,2310.7026
2015-10-29,2317.4802,2323.4514,2301.3667,2925757900.0,2307.345
2015-10-30,2307.7591,2336.0387,2298.9736,3717355600.0,2312.9738
2015-11-02,2291.2521,2310.8283,2279.4692,3309899400.0,2280.0924
2015-11-03,2283.8015,2294.4151,2265.6732,2731711800.0,2271.6533
2015-11-04,2277.2001,2374.0187,2277.2001,6200030900.0,2370.5032
2015-11-05,2368.6075,2503.6496,2365.8544,14874522200.0,2440.6507
2015-11-06,2430.6499,2501.4033,2427.2838,10219929800.0,2493.4843
2015-11-09,2501.7251,2592.1938,2501.7251,13319083800.0,2534.0841
2015-11-10,2504.2534,2559.8275,2498.4572,9087222400.0,2522.6834
2015-11-11,2516.346,2517.5059,2474.0433,6608939600.0,2505.8297
2015-11-12,2513.1066,2513.7008,2466.2905,5839126000.0,2476.4292
2015-11-13,2454.1777,2481.1753,2444.203,5593073700.0,2447.7733
2015-11-16,2410.0392,2447.5002,2407.9432,4234411400.0,2447.2933
2015-11-17,2462.2173,2514.463,2449.7405,6824470500.0,2453.2569
2015-11-18,2455.5762,2473.4474,2433.4563,5987262600.0,2439.4469
2015-11-19,2444.878,2469.007,2436.899,4194923400.0,2468.488
2015-11-20,2469.6989,2483.8908,2458.7789,4809942600.0,2466.7568
2015-11-23,2465.8114,2485.415,2451.5478,4409032900.0,2456.8404
2015-11-24,2449.9729,2452.3517,2421.3924,4095241400.0,2447.9039
2015-11-25,2441.7283,2460.1843,2430.3496,4260289900.0,2459.5633
2015-11-26,2468.5185,2481.3896,2450.0949,4493662900.0,2450.9624
2015-11-27,2438.1791,2439.6994,2320.0656,5595359500.0,2334.44
2015-11-30,2325.0707,2347.8438,2280.6832,5256162900.0,2336.2903
2015-12-01,2334.1426,2365.1486,2314.7933,4193491100.0,2344.8327
2015-12-02,2341.4253,2463.9045,2337.0274,8167693400.0,2458.4105
2015-12-03,2441.9057,2481.5374,2422.5588,8174400100.0,2461.4492
2015-12-04,2438.3862,2442.2478,2392.8836,4783854100.0,2397.5621
2015-12-07,2398.0884,2404.9121,2379.5459,2917439500.0,2395.5835
2015-12-08,2381.6752,2386.2769,2356.9295,3381369400.0,2364.3437
2015-12-09,2357.8763,2386.2814,2356.9389,2842059200.0,2369.7377
2015-12-10,2369.5876,2402.6877,2353.2172,3199761800.0,2357.2086
2015-12-11,2346.8631,2357.0795,2324.6253,3159044900.0,2342.4527
2015-12-14,2319.1979,2418.5639,2316.9024,4748665300.0,2414.9166
2015-12-15,2408.1527,2410.0856,2377.0664,3460835300.0,2383.8318
2015-12-16,2389.2521,2394.1708,2371.4278,2849092300.0,2376.5351
2015-12-17,2391.4022,2424.9037,2386.0882,4403511800.0,2408.3212
2015-12-18,2405.8566,2466.3461,2404.1523,5396733400.0,2422.8345
2015-12-21,2415.63,2513.486,2414.838,7367108700.0,2500.064
2015-12-22,2499.6578,2506.8697,2477.6669,5124880300.0,2496.054
2015-12-23,2497.3662,2550.8985,2492.4251,6818885500.0,2503.059
2015-12-24,2498.7684,2505.7027,2451.4496,4830384200.0,2481.7542
2015-12-25,2483.657,2496.8375,2474.3269,2962302400.0,2492.3364
2015-12-28,2498.7813,2502.3332,2411.209,4820059100.0,2411.4081
2015-12-29,2408.9253,2435.6213,2405.1696,2759730600.0,2432.8795
2015-12-30,2432.1831,2434.5213,2399.9199,2842066200.0,2432.773
2015-12-31,2426.8106,2437.7164,2409.7569,2997272200.0,2420.8008
2016-01-04,2417.0246,2417.0246,2269.9671,3462085100.0,2270.4609
2016-01-05,2230.08,2309.5937,2223.0521,4807596200.0,2288.1127
2016-01-06,2284.9228,2321.1692,2274.4683,3808882000.0,2317.6465
2016-01-07,2281.881,2281.9337,2171.3153,1108157500.0,2180.5889
2016-01-08,2225.4754,2257.41,2154.5816,5152593100.0,2219.6119
2016-01-11,2182.846,2202.3226,2119.7024,4848350500.0,2120.2342
2016-01-12,2135.9386,2151.3985,2115.3645,3514437400.0,2131.3679
2016-01-13,2152.7166,2157.5078,2104.9307,3202494400.0,2105.5066
2016-01-14,2056.4075,2136.0634,2052.296,3663096500.0,2132.0757
2016-01-15,2119.5624,2128.9478,2058.6966,3464162300.0,2070.9283
2016-01-18,2040.4064,2092.4024,2039.0509,2680609500.0,2069.2746
2016-01-19,2075.1864,2135.3621,2060.2812,3722216800.0,2128.5743
2016-01-20,2115.126,2124.1513,2076.1648,3922114500.0,2088.7229
2016-01-21,2069.3857,2112.7342,2040.5269,3435451500.0,2040.9775
2016-01-22,2062.6257,2074.1656,2026.2701,2706519600.0,2061.9621
2016-01-25,2067.5631,2074.8954,2049.2538,2174107400.0,2065.4437
2016-01-26,2046.0403,2050.4457,1944.9061,3775143700.0,1951.6136
2016-01-27,1961.3986,1972.1635,1908.0377,3930266400.0,1953.4647
2016-01-28,1943.8257,1960.9462,1900.3515,2971655300.0,1912.7205
2016-01-29,1915.1266,1986.7205,1914.3957,3824287700.0,1973.0052
2016-02-01,1970.2135,1973.0998,1917.2396,2733516000.0,1937.0729
2016-02-02,1935.2156,1978.2855,1934.907,2615654000.0,1969.6161
2016-02-03,1947.8333,1955.0889,1929.8145,2197008000.0,1952.3665
2016-02-04,1962.8658,1983.252,1960.1297,2502030500.0,1974.2364
2016-02-05,1970.6883,1979.3913,1962.233,2045579500.0,1967.2595
2016-02-15,1916.4236,1958.2198,1914.4938,1889323100.0,1948.2752
2016-02-16,1957.9147,2005.4156,1957.5363,3060729100.0,2000.9027
2016-02-17,1997.6793,2020.0843,1993.8945,3437354800.0,2014.4428
2016-02-18,2022.5495,2034.161,2007.2157,3093860700.0,2009.2727
2016-02-19,2005.4131,2013.7813,1993.0455,2163929000.0,2004.1065
2016-02-22,2025.18,2064.6095,2016.364,3905928400.0,2053.8631
2016-02-23,2051.5671,2051.5671,2013.9809,2687619100.0,2029.5223
2016-02-24,2020.5916,2041.8831,2009.3485,2622891700.0,2041.3881
2016-02-25,2038.1604,2038.1805,1925.1951,4245956300.0,1932.6015
2016-02-26,1946.961,1965.9147,1929.9987,2630676400.0,1955.3953
2016-02-29,1951.6759,1953.3175,1891.0975,3916158300.0,1944.6111
2016-03-01,1944.5622,1988.5669,1931.9801,2959585900.0,1973.1936
2016-03-02,1980.4615,2045.8249,1979.174,5097880200.0,2043.4067
2016-03-03,2043.3737,2057.1633,2031.5361,4547667100.0,2053.2726
2016-03-04,2045.1154,2128.5689,2040.0828,8595312600.0,2122.2692
2016-03-07,2122.5519,2133.5566,2097.777,4005873200.0,2107.6731
2016-03-08,2102.2483,2118.0424,2037.2938,3900335500.0,2115.158
2016-03-09,2073.2719,2112.8587,2053.8366,3808329000.0,2111.9188
2016-03-10,2089.8613,2102.9862,2060.0643,2087298100.0,2061.451
2016-03-11,2043.2499,2071.0905,2039.5853,2444346100.0,2070.7239
2016-03-14,2079.9065,2117.8307,2071.1223,3511461700.0,2078.4096
2016-03-15,2077.5077,2105.0383,2055.3234,3464713100.0,2101.1167
2016-03-16,2087.2793,2142.1597,2084.7668,6038157700.0,2136.1277
2016-03-17,2135.0585,2156.8913,2113.4357,3807790200.0,2131.4813
2016-03-18,2140.267,2165.147,2131.383,6225762400.0,2141.177
2016-03-21,2156.9507,2214.6429,2154.4859,7826466500.0,2193.3853
2016-03-22,2181.9848,2196.3678,2167.4297,5053124500.0,2173.256
2016-03-23,2170.1633,2186.0204,2159.456,3524766400.0,2175.2834
2016-03-24,2161.1707,2161.1707,2137.1895,3387992700.0,2137.59
2016-03-25,2137.154,2156.804,2135.5281,2278104900.0,2149.2039
2016-03-28,2152.8074,2166.9221,2116.9804,2590590600.0,2123.0349
2016-03-29,2127.8042,2133.8094,2100.9189,2565460400.0,2106.8616
2016-03-30,2124.5313,2160.4969,2124.089,3563382900.0,2157.5295
2016-03-31,2166.4213,2171.7926,2149.2439,3228183700.0,2156.541
2016-04-01,2156.7757,2168.3329,2124.1259,3490389800.0,2167.7824
2016-04-05,2151.3691,2186.917,2147.0884,3887452100.0,2180.2624
2016-04-06,2167.4489,2176.9006,2156.5153,2834967800.0,2168.0372
2016-04-07,2174.8833,2177.1223,2138.3283,2583304400.0,2139.4042
2016-04-08,2125.4491,2132.7281,2114.2648,2282274700.0,2123.8041
2016-04-11,2140.5643,2167.6472,2140.5643,3021250400.0,2148.4394
2016-04-12,2147.8112,2150.5709,2135.2886,1939219800.0,2143.8961
2016-04-13,2157.2118,2197.7434,2157.2118,5111446800.0,2171.315
2016-04-14,2183.1207,2190.871,2166.6339,2487885600.0,2178.8677
2016-04-15,2182.1142,2190.7302,2172.9695,2381886000.0,2182.0667
2016-04-18,2166.0031,2168.8968,2154.3812,2441091800.0,2158.2302
2016-04-19,2169.8942,2173.0863,2156.1832,1839065000.0,2163.607
2016-04-20,2166.284,2169.65,2093.8183,4756525800.0,2154.8859
2016-04-21,2138.2874,2171.451,2129.9123,3062895100.0,2147.7184
2016-04-22,2135.9186,2161.7978,2133.8099,2019856900.0,2157.7235
2016-04-25,2149.2499,2156.5303,2130.3027,1715607100.0,2148.2801
2016-04-26,2146.4125,2163.2401,2140.5745,1544429000.0,2155.7914
2016-04-27,2157.859,2159.125,2143.8984,1452080100.0,2145.3804
2016-04-28,2149.0651,2155.5694,2131.8598,1735810600.0,2142.0569
2016-04-29,2136.8443,2146.3244,2134.1895,1594853800.0,2135.5087
2016-05-03,2136.1977,2167.7261,2131.3826,2581521500.0,2158.2717
2016-05-04,2152.4343,2159.6469,2147.7595,1742689300.0,2152.9337
2016-05-05,2149.4663,2155.4714,2145.1073,1477745200.0,2152.8822
2016-05-06,2152.5018,2153.8726,2106.4437,2464227500.0,2107.0089
2016-05-09,2100.6427,2100.6427,2064.6856,2402225300.0,2072.467
2016-05-10,2061.9885,2084.6965,2061.9885,1716574600.0,2072.3818
2016-05-11,2078.2867,2089.1174,2068.6501,1805863300.0,2078.4126
2016-05-12,2067.7474,2089.6491,2055.511,1792753000.0,2084.8384
2016-05-13,2079.6446,2089.8352,2072.2595,1528786900.0,2076.1879
2016-05-16,2068.9238,2082.8647,2064.6788,1357924400.0,2082.6159
2016-05-17,2081.5694,2083.8526,2069.273,1485096300.0,2075.4651
2016-05-18,2067.7161,2081.8512,2053.7159,2303711200.0,2078.7593
2016-05-19,2072.3674,2083.1321,2069.9025,1405000600.0,2073.8041
2016-05-20,2067.4642,2083.5117,2064.4422,1389017200.0,2083.1174
2016-05-23,2082.972,2095.1694,2077.9369,1447921100.0,2082.4118
2016-05-24,2080.0141,2080.0691,2062.4983,1310444300.0,2066.6428
2016-05-25,2079.4816,2084.1339,2068.6809,1128499700.0,2071.9071
2016-05-26,2070.2373,2083.0565,2062.1696,1312651200.0,2076.1366
2016-05-27,2075.2068,2080.4894,2069.5175,1057749200.0,2074.9195
2016-05-30,2076.9328,2093.774,2065.6354,1771438500.0,2092.1606
2016-05-31,2092.2161,2158.1222,2092.2161,4065174200.0,2155.6557
2016-06-01,2155.5038,2158.7152,2138.5571,2547332400.0,2138.9632
2016-06-02,2138.2076,2144.3191,2129.9414,1635666600.0,2137.6519
2016-06-03,2146.557,2157.0678,2135.5328,2052615200.0,2152.6368
2016-06-06,2148.9633,2151.0586,2131.9182,1365883700.0,2136.3228
2016-06-07,2141.6519,2145.7143,2134.6061,1406849100.0,2139.069
2016-06-08,2137.1805,2138.8466,2124.8355,1640579100.0,2132.963
2016-06-13,2113.912,2122.46,2083.2878,2102877100.0,2084.3001
2016-06-14,2080.9029,2098.064,2079.3951,1535492400.0,2095.0228
2016-06-15,2073.4685,2115.3762,2073.0979,1954992500.0,2106.6312
2016-06-16,2095.3615,2105.2531,2091.4898,1796886100.0,2094.8146
2016-06-17,2093.6916,2115.4165,2093.6916,1784608200.0,2102.2006
2016-06-20,2109.5667,2110.8862,2092.8287,1209116000.0,2104.2202
2016-06-21,2108.8656,2130.8995,2100.0614,1769990500.0,2104.5582
2016-06-22,2101.0542,2116.2969,2098.6316,1354873300.0,2115.7685
2016-06-23,2114.7744,2114.7744,2098.3578,1528234500.0,2105.5324
2016-06-24,2099.9981,2112.6087,2052.9842,2260783000.0,2076.2999
2016-06-27,2070.9409,2096.1991,2070.8239,1648846700.0,2095.893
2016-06-28,2089.3482,2104.4793,2084.1811,1758820600.0,2102.0531
2016-06-29,2105.7631,2124.2929,2104.2336,2945572600.0,2122.9696
2016-06-30,2123.8665,2130.9776,2120.4075,2035451700.0,2122.633
2016-07-01,2124.3995,2133.3504,2122.865,1613280400.0,2127.0939
2016-07-04,2121.8969,2169.6199,2120.4933,3086203100.0,2163.2922
2016-07-05,2162.0938,2174.424,2159.8998,3230772800.0,2168.8551
2016-07-06,2161.5774,2169.4639,2149.0363,2453844900.0,2167.101
2016-07-07,2161.3586,2173.7046,2153.7731,2697771000.0,2166.8843
2016-07-08,2156.3847,2158.7709,2147.14,1935878900.0,2148.7606
2016-07-11,2152.7392,2175.244,2150.3695,2860924500.0,2155.716
2016-07-12,2156.6305,2201.6291,2156.5924,4025373300.0,2200.3482
2016-07-13,2195.9812,2222.2524,2191.5863,4327979700.0,2197.7879
2016-07-14,2195.338,2199.8402,2184.4945,2415254300.0,2195.2265
2016-07-15,2196.9541,2200.8763,2186.3647,2158522700.0,2192.3939
2016-07-18,2190.469,2205.7954,2184.0526,2952718000.0,2187.9829
2016-07-19,2188.8003,2193.5722,2163.3148,2180913500.0,2175.3972
2016-07-20,2173.546,2177.9953,2163.109,1456192600.0,2167.1205
2016-07-21,2168.4763,2185.6157,2168.4763,1804675400.0,2177.7781
2016-07-22,2175.975,2177.4355,2154.3574,1838919000.0,2157.2315
2016-07-25,2155.3239,2167.5094,2152.0893,1452814400.0,2159.5537
2016-07-26,2156.8129,2183.0599,2156.7738,1840605100.0,2182.505
2016-07-27,2182.7202,2186.0832,2125.2663,3793480600.0,2173.9725
2016-07-28,2160.1626,2173.0819,2153.8911,2587542300.0,2163.8087
2016-07-29,2163.6408,2166.8486,2151.9265,1871473000.0,2155.2387
2016-08-01,2151.5424,2155.7899,2136.1129,2015539600.0,2147.5582
2016-08-02,2145.8207,2151.2922,2138.1895,1259211100.0,2148.4547
2016-08-03,2140.1526,2149.8949,2136.6048,1530689300.0,2145.7877
2016-08-04,2145.658,2146.5977,2130.1747,1495566300.0,2143.8436
2016-08-05,2142.335,2159.1375,2137.3123,1616443400.0,2148.6819
2016-08-08,2147.6963,2159.9522,2137.5171,1677574000.0,2159.6726
2016-08-09,2159.31,2176.6962,2157.7635,2282474500.0,2175.345
2016-08-10,2175.1336,2179.6115,2169.1298,1739101900.0,2170.1028
2016-08-11,2168.1332,2205.8757,2168.1332,2658516600.0,2177.0644
2016-08-12,2177.8017,2222.6902,2175.8543,3443001200.0,2222.4884
2016-08-15,2227.0785,2310.2774,2225.6223,6374530800.0,2287.6559
2016-08-16,2293.811,2302.3314,2253.4146,6124943400.0,2257.6988
2016-08-17,2260.9256,2270.3706,2241.9429,3084886600.0,2253.7364
2016-08-18,2253.1171,2274.4547,2235.0464,3388044800.0,2244.7198
2016-08-19,2241.6725,2254.49,2230.3299,2890069300.0,2249.3415
2016-08-22,2249.0797,2253.5947,2235.0116,2619306000.0,2237.1276
2016-08-23,2235.3906,2256.328,2232.444,2302390300.0,2241.9516
2016-08-24,2242.9091,2244.8791,2227.5559,1812178700.0,2232.2134
2016-08-25,2224.5128,2225.9992,2205.0109,2181910400.0,2222.1523
2016-08-26,2223.3073,2232.2944,2215.6249,1643096500.0,2219.3076
2016-08-29,2219.0199,2220.1267,2205.1217,1985201200.0,2214.2593
2016-08-30,2215.8404,2229.8335,2215.6856,1984669200.0,2224.0621
2016-08-31,2222.0197,2237.6591,2218.6523,1695555200.0,2232.7117
2016-09-01,2230.3628,2235.6488,2219.2542,1902822400.0,2220.4031
2016-09-02,2216.288,2231.4553,2215.6443,2040602300.0,2229.893
2016-09-05,2230.4116,2240.4943,2224.9325,1781345200.0,2228.7184
2016-09-06,2227.4392,2241.5245,2217.477,2125477100.0,2232.4508
2016-09-07,2233.0343,2246.3722,2230.5783,2209767100.0,2236.5455
2016-09-08,2234.9461,2239.1679,2230.8166,1417115700.0,2236.6259
2016-09-09,2236.3902,2241.6101,2228.6613,1741151300.0,2229.3097
2016-09-12,2201.6758,2202.9049,2175.333,3454689100.0,2199.9764
2016-09-13,2197.3785,2199.2404,2185.8221,1496892400.0,2193.1932
2016-09-14,2184.1113,2187.9544,2172.3966,1816965700.0,2176.523
2016-09-19,2178.7597,2191.2152,2178.7597,1413566500.0,2189.4611
2016-09-20,2190.0973,2190.7166,2181.0162,1102289400.0,2184.2066
2016-09-21,2184.4235,2191.813,2180.5012,1244650900.0,2187.1542
2016-09-22,2195.2461,2210.7925,2192.4912,1539804300.0,2200.6981
2016-09-23,2202.6976,2203.6628,2195.0766,1172763600.0,2196.2903
2016-09-26,2190.3899,2190.3899,2166.8248,1694820900.0,2167.264
2016-09-27,2163.3779,2176.7666,2162.4355,1259253900.0,2176.4476
2016-09-28,2177.4147,2177.4147,2165.3322,928843200.0,2166.7226
2016-09-29,2170.9872,2183.1708,2170.8428,1187946400.0,2175.3696
2016-09-30,2171.9392,2182.6073,2171.492,921930500.0,2177.3524
2016-10-10,2187.6518,2204.3272,2185.4675,1930020200.0,2202.8725
2016-10-11,2205.3535,2212.429,2202.1237,2116938400.0,2209.2276
2016-10-12,2205.444,2205.444,2196.8521,1547883700.0,2200.9969
2016-10-13,2201.3398,2204.8884,2194.5954,1830879000.0,2202.1167
2016-10-14,2199.5558,2211.0919,2196.2605,2395051000.0,2209.8145
2016-10-17,2207.3532,2209.1407,2189.2717,2316186700.0,2192.8845
2016-10-18,2189.932,2224.3372,2189.932,3177711700.0,2222.7832
2016-10-19,2222.7808,2230.8279,2217.6269,2943280900.0,2221.5341
2016-10-20,2222.6307,2228.9359,2218.9689,1977292400.0,2223.4242
2016-10-21,2221.3831,2246.5789,2221.0355,3566857700.0,2240.7496
2016-10-24,2245.4581,2285.0836,2243.8107,4960345100.0,2270.9504
2016-10-25,2270.0167,2274.3835,2258.9193,3242378800.0,2266.1718
2016-10-26,2263.6921,2266.8789,2254.6297,2714605700.0,2257.1164
2016-10-27,2254.3219,2256.2063,2243.6342,2343830900.0,2250.2589
2016-10-28,2252.3836,2271.9059,2249.4854,2823346100.0,2253.8017
2016-10-31,2247.9901,2253.8033,2236.2027,1981495500.0,2250.4693
2016-11-01,2250.4946,2263.6239,2246.9485,2201530600.0,2263.4785
2016-11-02,2256.1179,2259.1863,2242.7688,2226082500.0,2244.7436
2016-11-03,2241.4374,2283.249,2239.8675,4091302700.0,2273.6329
2016-11-04,2271.8454,2284.9537,2266.9174,3619209100.0,2271.9263
2016-11-07,2271.9644,2279.5525,2265.3606,2596670400.0,2276.9543
2016-11-08,2284.0079,2294.6246,2276.7377,3259587400.0,2282.4184
2016-11-09,2281.1242,2281.5947,2244.4325,3735243100.0,2263.9243
2016-11-10,2279.9426,2297.9704,2279.9426,3456599800.0,2289.4491
2016-11-11,2285.6102,2315.9608,2284.2877,5694860100.0,2308.4288
2016-11-14,2304.607,2338.5803,2303.9664,6168486500.0,2317.7726
2016-11-15,2315.7982,2319.0679,2306.2299,3448614000.0,2310.901
2016-11-16,2312.4976,2314.8461,2302.1426,3259638600.0,2309.9426
2016-11-17,2306.4093,2317.537,2297.7364,3545076300.0,2316.7211
2016-11-18,2318.8955,2323.7228,2304.5508,3447528500.0,2307.2741
2016-11-21,2304.7681,2350.755,2304.7681,5751963700.0,2334.6776
2016-11-22,2334.6848,2357.5738,2334.6848,6598317700.0,2353.0023
2016-11-23,2355.3161,2375.8115,2352.3964,5406233100.0,2360.3355
2016-11-24,2356.8473,2382.9524,2355.8012,3715808900.0,2368.7336
2016-11-25,2371.6989,2394.7076,2358.2567,4432797500.0,2393.9464
2016-11-28,2406.7025,2427.5931,2398.4139,7755450400.0,2403.1352
2016-11-29,2398.6683,2455.4294,2395.8125,9303858600.0,2441.5786
2016-11-30,2435.8052,2444.9543,2411.5628,6897198000.0,2419.4136
2016-12-01,2421.928,2448.6667,2417.9622,7360667400.0,2431.3063
2016-12-02,2427.1666,2430.8331,2401.0614,7762501700.0,2416.5077
2016-12-05,2378.2099,2386.4343,2363.1299,7242835700.0,2375.2578
2016-12-06,2371.1117,2382.1961,2366.9999,4259595500.0,2368.6823
2016-12-07,2367.4214,2377.3041,2358.8712,3631364600.0,2376.9191
2016-12-08,2380.6577,2387.173,2374.4669,3965155600.0,2379.0013
2016-12-09,2374.2955,2422.7765,2372.459,6786012700.0,2411.3144
2016-12-12,2408.0861,2423.3928,2362.1425,7057419400.0,2387.1588
2016-12-13,2373.7919,2382.4434,2357.4597,4120248600.0,2372.9307
2016-12-14,2369.4963,2384.5618,2359.7223,4680032600.0,2360.3788
2016-12-15,2346.7652,2354.3523,2302.4343,4258325200.0,2309.8159
2016-12-16,2302.8738,2315.5373,2298.4339,3057955100.0,2302.3152
2016-12-19,2299.7136,2303.6854,2288.3022,2416229700.0,2291.3842
2016-12-20,2293.3996,2295.1135,2262.8781,3010553300.0,2279.6828
2016-12-21,2282.1242,2304.6006,2281.9966,4018425600.0,2297.3706
2016-12-22,2293.3477,2298.1885,2280.7874,2922298000.0,2292.0412
2016-12-23,2290.2506,2291.723,2271.1285,3306081700.0,2278.4779
2016-12-26,2266.3837,2295.6936,2251.713,2992352100.0,2294.7094
2016-12-27,2291.2318,2300.1599,2286.4342,2459765600.0,2286.9617
2016-12-28,2286.4067,2289.8074,2269.1647,2330457400.0,2277.1759
2016-12-29,2273.2206,2282.1935,2265.8937,2399747100.0,2275.1064
2016-12-30,2276.8102,2286.9917,2272.4997,2548075500.0,2286.8984
2017-01-03,2285.2729,2311.2926,2285.2729,2590892000.0,2307.8917
2017-01-04,2305.9117,2324.5577,2304.1733,2610440300.0,2322.2059
2017-01-05,2322.4239,2326.1847,2317.8853,2652871200.0,2322.6843
2017-01-06,2323.0064,2326.4342,2308.3694,2644512400.0,2308.9363
2017-01-09,2308.4423,2321.692,2307.1634,2652307400.0,2318.3365
2017-01-10,2316.1574,2320.9954,2309.9369,2405598100.0,2312.5985
2017-01-11,2311.9197,2317.6623,2299.313,2692834600.0,2300.4749
2017-01-12,2299.4896,2310.7752,2294.3243,2213917400.0,2295.4033
2017-01-13,2293.4653,2315.2116,2291.0624,2754046700.0,2308.0552
2017-01-16,2303.3177,2343.2727,2282.2431,5929473500.0,2337.3944
2017-01-17,2326.0089,2332.8355,2320.0333,1917044900.0,2329.595
2017-01-18,2330.1424,2349.3934,2327.9266,2029889100.0,2342.7751
2017-01-19,2335.6565,2349.6445,2330.3364,2109073500.0,2334.9572
2017-01-20,2334.4871,2350.2614,2333.4654,1751128800.0,2347.1829
2017-01-23,2350.5468,2358.4726,2340.5341,1931132100.0,2347.1047
2017-01-24,2347.5024,2357.169,2343.4627,2011077700.0,2352.4242
2017-01-25,2349.5184,2358.9482,2345.699,1780022100.0,2358.6974
2017-01-26,2359.428,2371.9263,2359.428,1862983100.0,2364.0244
2017-02-03,2367.5296,2368.9093,2338.198,1451595100.0,2339.9894
2017-02-06,2346.4438,2351.5572,2336.8989,1989571500.0,2343.9673
2017-02-07,2343.6583,2347.357,2331.7758,1697274000.0,2337.5346
2017-02-08,2334.6822,2347.0961,2323.9054,2423769100.0,2346.4263
2017-02-09,2345.8405,2364.1442,2343.7281,3138164600.0,2354.9009
2017-02-10,2357.5885,2374.4846,2357.2065,3930636000.0,2368.1834
2017-02-13,2369.6975,2382.9209,2369.4869,3460382600.0,2379.3057
2017-02-14,2381.1007,2381.6336,2367.0458,2422716700.0,2373.5138
2017-02-15,2375.6241,2385.1178,2369.4303,3894925700.0,2372.192
2017-02-16,2373.3133,2378.4506,2366.1598,2962949700.0,2376.7626
2017-02-17,2378.657,2389.3244,2360.9953,3109047400.0,2362.7086
2017-02-20,2361.7607,2395.5341,2361.5061,4469041100.0,2394.1201
2017-02-21,2396.2244,2410.3454,2393.3702,3256980000.0,2396.8843
2017-02-22,2397.487,2399.3978,2389.0552,2451300900.0,2398.1922
2017-02-23,2397.5593,2402.5669,2379.5593,2345867100.0,2387.4172
2017-02-24,2385.0511,2390.3892,2377.099,2568012100.0,2389.8774
2017-02-27,2384.9181,2387.8177,2365.4666,2382755500.0,2370.5594
2017-02-28,2369.4712,2379.4279,2366.2364,1679355800.0,2370.707
2017-03-01,2371.6526,2383.513,2368.6219,2786312400.0,2371.9252
2017-03-02,2376.9712,2380.2389,2354.1431,2306273100.0,2354.9134
2017-03-03,2347.9063,2350.6712,2338.8455,2048310700.0,2347.1456
2017-03-06,2346.0369,2355.0915,2342.5176,2111239900.0,2349.8889
2017-03-07,2349.6213,2356.9591,2347.167,2025134800.0,2356.2933
2017-03-08,2353.6169,2362.9632,2351.6963,2436983300.0,2358.074
2017-03-09,2352.7491,2353.5377,2334.3363,2663066700.0,2346.5527
2017-03-10,2343.3076,2347.4582,2336.3193,1798881100.0,2339.2339
2017-03-13,2337.3552,2355.2169,2328.6186,2462401100.0,2354.8904
2017-03-14,2353.719,2359.3138,2349.2801,1901700600.0,2354.8998
2017-03-15,2352.3852,2357.8454,2345.4435,2106259500.0,2357.3071
2017-03-16,2362.3583,2376.5131,2362.3583,3027821000.0,2369.194
2017-03-17,2371.6054,2373.5439,2342.0186,3076762300.0,2346.9602
2017-03-20,2352.1149,2355.5347,2337.5269,2714929100.0,2350.0671
2017-03-21,2352.2124,2358.5471,2348.8689,2888792100.0,2357.1359
2017-03-22,2347.8575,2352.7639,2330.1158,3289198200.0,2338.5468
2017-03-23,2340.0614,2356.2714,2334.1196,2671255200.0,2347.4342
2017-03-24,2350.6917,2373.5785,2341.6197,4012077200.0,2365.6043
2017-03-27,2364.745,2381.7653,2360.6737,3549115600.0,2364.4277
2017-03-28,2368.1547,2368.379,2353.0761,2481363500.0,2356.3135
2017-03-29,2357.9977,2363.7697,2349.1249,2901854900.0,2352.6937
2017-03-30,2350.9195,2356.437,2335.2305,3111306600.0,2346.6672
2017-03-31,2344.9599,2361.3161,2340.7722,2950514600.0,2359.752
2017-04-05,2369.4888,2384.6804,2365.3402,4007544200.0,2384.2636
2017-04-06,2384.4322,2395.121,2376.1462,3932500300.0,2390.3893
2017-04-07,2390.9144,2394.0522,2379.3331,3624863000.0,2388.2714
2017-04-10,2388.5631,2391.9479,2377.4323,3125802600.0,2379.1574
2017-04-11,2374.9225,2385.0534,2354.0188,3920082600.0,2382.1093
2017-04-12,2378.9284,2385.6134,2362.4312,3364031600.0,2378.8628
2017-04-13,2369.6067,2373.3697,2364.4418,2279306000.0,2368.1061
2017-04-14,2367.7843,2368.8018,2344.6093,2431896900.0,2355.5204
2017-04-17,2348.7513,2359.1835,2334.8933,2637625000.0,2357.5233
2017-04-18,2352.5128,2352.791,2336.7707,2375365600.0,2337.3507
2017-04-19,2331.6599,2335.9901,2311.659,2791943500.0,2325.0424
2017-04-20,2324.3661,2336.5435,2320.9971,2657672500.0,2335.6472
2017-04-21,2336.4448,2350.87,2333.2339,2707371200.0,2347.6745
2017-04-24,2344.1921,2344.1921,2323.6676,3109300700.0,2341.9296
2017-04-25,2337.5206,2348.6026,2334.0037,1938294300.0,2344.741
2017-04-26,2345.6275,2360.2819,2338.8564,2647062200.0,2344.5049
2017-04-27,2337.4558,2352.6806,2327.4745,2983407600.0,2351.6403
2017-04-28,2348.2876,2348.2876,2331.824,2073368300.0,2347.0391
2017-05-02,2341.7482,2350.5147,2334.8824,1621832100.0,2336.7917
2017-05-03,2335.8206,2342.143,2324.1919,1874768500.0,2329.7661
2017-05-04,2325.0077,2332.0897,2317.1372,2076741000.0,2325.4332
2017-05-05,2318.9217,2320.602,2297.4492,3095107400.0,2320.602
2017-05-08,2309.2437,2326.0968,2298.318,3465012300.0,2326.0968
2017-05-09,2312.8502,2320.2946,2307.8681,1615731500.0,2316.2944
2017-05-10,2315.561,2337.0466,2315.561,2231892600.0,2324.9219
2017-05-11,2318.0494,2342.1845,2313.8327,2839544100.0,2339.2903
2017-05-12,2336.6071,2375.6392,2335.3745,2890678400.0,2375.4495
2017-05-15,2380.2743,2394.5172,2378.9741,2341241000.0,2381.7516
2017-05-16,2376.9048,2381.732,2362.1128,2389204700.0,2381.317
2017-05-17,2377.1211,2378.987,2361.6292,2085822500.0,2363.5591
2017-05-18,2348.872,2361.0157,2347.377,1712123100.0,2354.753
2017-05-19,2351.5202,2363.3566,2351.5202,1430456800.0,2361.6616
2017-05-22,2359.9686,2384.157,2358.7809,2278023100.0,2381.5525
2017-05-23,2378.7444,2412.0257,2376.6431,3462055600.0,2411.7999
2017-05-24,2402.5176,2413.4211,2382.1873,2277433200.0,2407.5706
2017-05-25,2399.3599,2476.9092,2399.2744,5036333500.0,2473.4953
2017-05-26,2467.9024,2483.7474,2462.2339,3098973300.0,2471.2141
2017-05-31,2470.9351,2502.8461,2462.258,2987834400.0,2479.078
2017-06-01,2476.2051,2497.6867,2465.4762,3076633000.0,2496.4482
2017-06-02,2494.3694,2499.7051,2472.6496,2366414800.0,2475.4636
2017-06-05,2468.9369,2473.3565,2442.2693,2873585700.0,2450.3457
2017-06-06,2447.0401,2466.3129,2444.1931,1746732200.0,2466.0064
2017-06-07,2468.5513,2492.9847,2464.1886,2713840800.0,2484.0334
2017-06-08,2481.1646,2508.9349,2475.7447,2207086000.0,2507.0335
2017-06-09,2506.758,2536.9931,2504.9001,3377330900.0,2519.2731
2017-06-12,2515.5759,2545.0373,2512.143,2572086900.0,2521.1681
2017-06-13,2517.3334,2519.1482,2499.7299,1748792100.0,2515.1427
2017-06-14,2505.0635,2505.2011,2471.6184,2184110800.0,2477.3173
2017-06-15,2474.2624,2481.7995,2453.1344,2070254500.0,2461.974
2017-06-16,2454.8405,2466.6922,2448.3106,1651804400.0,2452.7899
2017-06-19,2455.0312,2486.3139,2453.3495,2059400400.0,2484.1159
2017-06-20,2489.1996,2492.2223,2467.7656,1777115300.0,2474.4253
2017-06-21,2487.8517,2498.1901,2468.5135,2035421700.0,2497.2544
2017-06-22,2491.9235,2544.6674,2491.9235,4374394400.0,2516.6729
2017-06-23,2510.711,2530.5595,2496.6608,2940395100.0,2529.0983
2017-06-26,2531.2806,2560.1065,2531.2806,3971674800.0,2543.3213
2017-06-27,2541.6862,2558.0965,2529.2391,2698471300.0,2554.6996
2017-06-28,2548.1571,2560.8558,2537.235,2819497000.0,2537.6363
2017-06-29,2541.3483,2554.7977,2532.462,1975437600.0,2552.9754
2017-06-30,2543.7865,2552.9219,2533.8595,1867717700.0,2549.9676
2017-07-03,2550.4968,2550.4968,2522.7441,1830421300.0,2534.3675
2017-07-04,2531.5259,2531.6057,2506.6818,2354712800.0,2511.1507
2017-07-05,2508.8126,2551.408,2507.9205,2060765400.0,2548.0993
2017-07-06,2543.909,2561.6364,2534.1207,2223462400.0,2553.8793
2017-07-07,2542.9093,2546.7756,2527.548,2251006200.0,2543.6576
2017-07-10,2538.1582,2557.4727,2530.9276,2530514500.0,2550.1147
2017-07-11,2543.72,2592.0575,2543.0489,3396822800.0,2570.5919
2017-07-12,2570.9128,2604.1973,2555.3837,3707059500.0,2565.1428
2017-07-13,2565.5942,2601.467,2563.2209,4287157400.0,2600.9535
2017-07-14,2600.7644,2623.3154,2593.4299,3365328500.0,2622.9835
2017-07-17,2627.3746,2663.2835,2594.4247,6086594900.0,2631.4144
2017-07-18,2619.2303,2637.532,2596.1224,3943504000.0,2624.3081
2017-07-19,2621.112,2661.6587,2618.3689,4868889700.0,2657.8882
2017-07-20,2653.3794,2666.0446,2643.6418,3758073300.0,2665.4483
2017-07-21,2655.2284,2661.4764,2634.9951,2971556200.0,2639.2128
2017-07-24,2636.5514,2666.6518,2632.7575,3305656600.0,2654.3785
2017-07-25,2656.4773,2667.7864,2639.6062,3418541300.0,2643.0733
2017-07-26,2642.2587,2665.149,2617.546,3544725600.0,2636.2005
2017-07-27,2631.9978,2638.9404,2610.5758,3067012600.0,2636.6262
2017-07-28,2627.1593,2642.6914,2619.0355,2193446500.0,2636.3937
2017-07-31,2633.8821,2649.2942,2626.1827,2864776300.0,2638.1244
2017-08-01,2640.8671,2681.9347,2638.0214,3382050700.0,2681.8054
2017-08-02,2679.3364,2696.6417,2675.2015,4222237700.0,2680.6314
2017-08-03,2676.348,2689.9388,2644.9871,3181516800.0,2646.2164
2017-08-04,2644.4459,2653.8128,2627.2482,2795995200.0,2627.8026
2017-08-07,2621.546,2641.3412,2613.8249,2608610900.0,2634.1759
2017-08-08,2632.0435,2639.2415,2622.2606,2578246800.0,2635.1841
2017-08-09,2630.67,2634.4349,2618.8132,2470791100.0,2620.3807
2017-08-10,2617.9885,2635.351,2590.8637,2817147900.0,2611.3412
2017-08-11,2592.038,2599.7121,2566.5727,3517096000.0,2570.2565
2017-08-14,2572.3008,2598.3794,2567.6009,2611890000.0,2591.4536
2017-08-15,2593.0719,2623.0837,2592.9242,2790097600.0,2605.2415
2017-08-16,2601.4708,2602.0988,2586.3352,2035181100.0,2595.0017
2017-08-17,2599.0419,2606.6849,2591.542,2057110500.0,2604.0837
2017-08-18,2601.8845,2621.9693,2595.8647,1989782800.0,2613.2647
2017-08-21,2619.0381,2628.8017,2610.257,1943687200.0,2616.8248
2017-08-22,2624.4106,2644.1982,2620.1589,2711818200.0,2643.5032
2017-08-23,2641.792,2673.3854,2639.6618,3469179400.0,2659.7804
2017-08-24,2659.6517,2675.1978,2641.8253,2993921100.0,2646.4016
2017-08-25,2645.4491,2706.7039,2645.4491,4749375100.0,2706.2421
2017-08-28,2715.4696,2766.79,2715.4696,6050109800.0,2736.4617
2017-08-29,2734.4459,2746.103,2726.218,3526228400.0,2739.129
2017-08-30,2739.9951,2762.0668,2720.6558,4205280300.0,2728.2308
2017-08-31,2729.4694,2735.4262,2701.8849,4018223400.0,2714.6313
2017-09-01,2716.0543,2734.7684,2700.1618,4309329600.0,2710.1186
2017-09-04,2703.3303,2713.7289,2691.7754,3319628900.0,2711.3475
2017-09-05,2712.7609,2738.594,2711.1738,3053478800.0,2729.8476
2017-09-06,2721.9475,2725.2397,2703.6515,3113793300.0,2714.3309
2017-09-07,2716.1251,2717.5555,2690.8771,2763611100.0,2691.829
2017-09-08,2692.7975,2701.5697,2681.4428,2447129200.0,2686.6899
2017-09-11,2691.3364,2708.4223,2673.6232,2908410100.0,2674.7502
2017-09-12,2682.2494,2695.525,2672.285,3078832300.0,2692.5401
2017-09-13,2690.5596,2694.4138,2676.2487,2119772000.0,2687.6707
2017-09-14,2688.3998,2694.775,2666.8169,2858673700.0,2672.8364
2017-09-15,2669.653,2677.5329,2659.7328,3464898000.0,2668.3759
2017-09-18,2670.1977,2694.0589,2670.1977,3313463900.0,2674.1759
2017-09-19,2680.7159,2687.1837,2661.6095,3008735900.0,2670.6914
2017-09-20,2667.2401,2675.2112,2661.8681,2536794000.0,2662.6266
2017-09-21,2664.0525,2690.3598,2660.5309,3175345200.0,2675.5508
2017-09-22,2666.6655,2686.4094,2662.8382,2635975000.0,2679.0529
2017-09-25,2672.9453,2682.7495,2667.3055,3198142000.0,2680.6516
2017-09-26,2673.5445,2681.2329,2673.3966,1928317700.0,2678.9912
2017-09-27,2674.4102,2677.7437,2659.5963,2005863700.0,2661.5532
2017-09-28,2661.5413,2663.6951,2653.4645,2166188100.0,2661.2832
2017-09-29,2661.5229,2682.1695,2660.8582,2020466800.0,2672.3272
2017-10-09,2736.8345,2743.3643,2688.5382,4148929200.0,2692.0769
2017-10-10,2693.251,2711.3065,2671.9426,2997472700.0,2695.5374
2017-10-11,2694.4982,2717.3281,2692.7692,2459848300.0,2707.5221
2017-10-12,2706.4203,2724.8346,2702.3134,2392287700.0,2718.3508
2017-10-13,2716.0041,2722.2311,2711.9544,1927340900.0,2713.3767
2017-10-16,2719.3095,2741.0971,2715.0511,2557589800.0,2726.6423
2017-10-17,2725.1997,2734.3072,2716.4042,1797980900.0,2723.5345
2017-10-18,2725.6666,2753.9229,2723.7626,2826082100.0,2753.0105
2017-10-19,2750.6359,2756.0354,2743.1343,2861786900.0,2756.0354
2017-10-20,2744.4945,2746.2294,2733.7199,1609842100.0,2737.6411
2017-10-23,2744.325,2746.9989,2732.6321,1954603500.0,2734.3683
2017-10-24,2732.9435,2762.594,2730.8414,2487082700.0,2753.6492
2017-10-25,2753.9297,2756.7629,2746.2667,1964672200.0,2752.1394
2017-10-26,2760.0647,2788.6564,2753.7271,4147318800.0,2771.0435
2017-10-27,2770.5287,2815.419,2769.4266,4030195600.0,2814.272
2017-10-30,2812.2381,2822.5891,2780.0454,4800487900.0,2809.1069
2017-10-31,2795.5379,2797.7884,2785.1578,3237037100.0,2793.7119
2017-11-01,2795.1916,2816.2952,2782.0608,4620413200.0,2789.4022
2017-11-02,2788.1144,2796.4305,2771.1529,3752686800.0,2794.1017
2017-11-03,2789.5399,2803.3141,2770.1248,3890616000.0,2800.4688
2017-11-06,2798.4715,2798.4715,2776.9492,3326891000.0,2792.2237
2017-11-07,2794.1929,2832.1382,2792.7012,4936828000.0,2821.9558
2017-11-08,2818.6698,2846.2997,2811.1058,4476853000.0,2819.9571
2017-11-09,2814.5684,2834.5103,2809.9574,3270423200.0,2832.9612
2017-11-10,2828.1222,2867.0623,2827.7397,4419833800.0,2862.3432
2017-11-13,2865.7827,2885.7022,2865.721,4845904900.0,2873.5145
2017-11-14,2876.748,2882.7922,2853.7768,3603716000.0,2861.4234
2017-11-15,2848.7673,2864.3659,2839.461,3297420900.0,2850.0504
2017-11-16,2840.3621,2880.9834,2840.3621,3205182400.0,2879.3977
2017-11-17,2868.5192,2940.7738,2867.5864,6847202300.0,2938.7983
2017-11-20,2916.7381,2942.1402,2897.2049,4384076500.0,2941.1532
2017-11-21,2928.9235,3012.8935,2927.61,6364868200.0,2987.1731
2017-11-22,3001.9506,3038.2756,2989.8171,7455572900.0,3012.3552
2017-11-23,3003.7768,3018.2596,2919.6522,6699098600.0,2940.7256
2017-11-24,2934.4465,2949.7937,2907.1,4542629600.0,2936.8339
2017-11-27,2928.3575,2928.8632,2885.6037,5018719700.0,2917.306
2017-11-28,2900.0777,2908.3648,2872.534,3069371000.0,2897.107
2017-11-29,2905.3313,2914.0667,2855.8527,3600523700.0,2893.2825
2017-11-30,2878.5252,2895.5282,2850.3123,3580217800.0,2863.4469
2017-12-01,2861.8966,2867.1148,2834.262,3078984400.0,2842.1841
2017-12-04,2829.8111,2868.2937,2823.9355,2691190100.0,2861.3609
2017-12-05,2852.8197,2922.3279,2851.3166,5959997200.0,2910.4755
2017-12-06,2897.2254,2897.2254,2845.1345,3169388300.0,2875.7315
2017-12-07,2868.2037,2875.7407,2828.2335,2794052700.0,2848.888
2017-12-08,2843.2021,2872.8208,2832.7981,2536492700.0,2865.3407
2017-12-11,2862.6063,2900.1668,2857.9828,2868775100.0,2899.1036
2017-12-12,2897.6645,2900.2742,2849.3918,2608653100.0,2850.1969
2017-12-13,2850.4681,2879.4054,2834.9278,2238164900.0,2872.94
2017-12-14,2874.9463,2878.3211,2841.9207,2276671900.0,2850.0458
2017-12-15,2844.1017,2846.5165,2817.3175,2666741800.0,2820.1666
2017-12-18,2821.4191,2842.8138,2815.8199,2070257300.0,2829.0585
2017-12-19,2829.549,2873.6011,2827.4384,2378916800.0,2873.0302
2017-12-20,2874.0545,2887.2322,2861.5375,2845812300.0,2879.6434
2017-12-21,2871.6834,2906.8072,2862.2294,2578156100.0,2895.3659
2017-12-22,2891.7213,2897.0338,2876.0165,1895688000.0,2880.7725
2017-12-25,2882.2781,2915.6089,2868.8613,2631409900.0,2880.0968
2017-12-26,2878.7538,2897.6178,2868.6044,2700102300.0,2894.3358
2017-12-27,2886.7003,2889.3088,2832.0229,3213867600.0,2839.6346
2017-12-28,2842.7313,2870.8941,2829.542,3435148200.0,2859.0537
2017-12-29,2861.919,2876.1918,2849.6787,2863140000.0,2860.4363
2018-01-02,2867.5282,2912.2694,2867.5282,5400866800.0,2908.7318
2018-01-03,2914.2787,2947.6307,2906.5984,4820686500.0,2913.2596
2018-01-04,2918.2559,2934.1518,2910.6624,4352071100.0,2919.4787
2018-01-05,2926.7782,2940.1799,2920.0843,4994334800.0,2932.3558
2018-01-08,2933.8245,2952.344,2926.8709,5805279300.0,2947.7613
2018-01-09,2947.5496,2972.4254,2947.1159,4058903400.0,2969.3175
2018-01-10,2968.3436,2999.7483,2966.1807,5776385000.0,2995.5641
2018-01-11,2986.7923,3009.992,2981.3345,4235182100.0,2997.0448
2018-01-12,2997.9008,3019.702,2993.5648,3816829600.0,3018.5957
2018-01-15,3027.2028,3070.9386,3022.4724,6498882100.0,3048.8075
2018-01-16,3041.3642,3065.1869,3035.7676,6426246800.0,3063.8609
2018-01-17,3071.499,3132.9929,3060.2185,9106633000.0,3076.1819
2018-01-18,3096.2011,3125.8631,3084.2792,8770692600.0,3106.5516
2018-01-19,3122.672,3145.9935,3100.4066,9495530200.0,3117.8212
2018-01-22,3104.9585,3144.8513,3104.4049,7746585200.0,3130.3299
2018-01-23,3145.1079,3177.7627,3144.2813,10169189900.0,3176.5042
2018-01-24,3189.7683,3202.4699,3150.5532,9913066700.0,3180.3318
2018-01-25,3171.3495,3177.4071,3124.4555,7736397600.0,3157.4592
2018-01-26,3147.4779,3195.072,3147.4779,8216463700.0,3172.7776
2018-01-29,3184.298,3197.8398,3107.9564,7292021400.0,3120.6951
2018-01-30,3109.1853,3127.7506,3077.314,5427594400.0,3079.1178
2018-01-31,3063.2335,3118.7622,3062.5284,5560739700.0,3116.8331
2018-02-01,3120.1331,3141.7685,3101.3386,7219328700.0,3141.23
2018-02-02,3113.2991,3150.697,3082.9941,5290143600.0,3149.6414
2018-02-05,3098.6722,3181.5942,3095.9874,7160734800.0,3181.3393
2018-02-06,3114.3466,3140.0317,3094.4926,9864662200.0,3117.4905
2018-02-07,3147.323,3166.6982,3020.3926,9470049200.0,3029.6011
2018-02-08,2998.603,3019.2746,2911.403,7311784600.0,2945.8438
2018-02-09,2857.4334,2871.5441,2724.5915,9192589900.0,2810.0273
2018-02-12,2803.8592,2823.8067,2776.9576,4629000400.0,2805.211
2018-02-13,2834.3901,2887.893,2834.3901,4662221100.0,2852.7169
2018-02-14,2859.8663,2877.0369,2841.2391,2534981400.0,2871.7873
2018-02-22,2915.9685,2936.8458,2900.8733,3929775300.0,2931.8815
2018-02-23,2941.4214,2966.7522,2926.3629,3820748900.0,2957.171
2018-02-26,2973.8138,2986.813,2933.5161,5021402700.0,2973.7855
2018-02-27,2979.768,2979.768,2918.007,4620143500.0,2927.0968
2018-02-28,2899.0023,2905.5729,2866.4622,3875813400.0,2878.6666
2018-03-01,2859.09,2907.2684,2852.4923,3228488800.0,2891.2982
2018-03-02,2864.1751,2887.893,2852.0115,2986451700.0,2864.1834
2018-03-05,2865.2016,2889.7377,2846.9319,2996714900.0,2863.9909
2018-03-06,2878.9177,2893.462,2838.6092,4759357600.0,2892.4752
2018-03-07,2892.442,2921.4421,2868.0359,3791765800.0,2878.1506
2018-03-08,2878.8198,2903.0532,2865.5516,2896303700.0,2898.2542
2018-03-09,2907.0416,2916.5531,2891.8682,3150449000.0,2908.1974
2018-03-12,2922.6177,2927.5081,2897.2355,4498507600.0,2909.5793
2018-03-13,2909.2478,2921.3074,2878.2003,4060760300.0,2883.3771
2018-03-14,2871.7227,2879.5374,2860.9695,3088630100.0,2871.334
2018-03-15,2860.4136,2895.6118,2860.4136,2626007500.0,2894.9828
2018-03-16,2895.5064,2911.1939,2869.9671,2719210100.0,2870.7318
2018-03-19,2870.3649,2898.2345,2856.171,2604293000.0,2897.2558
2018-03-20,2878.9533,2907.5229,2877.0999,2712940300.0,2904.3972
2018-03-21,2928.9996,2932.2176,2879.5251,3338876200.0,2894.1835
2018-03-22,2894.1292,2902.7671,2851.294,3050580800.0,2866.6702
2018-03-23,2786.531,2800.2467,2754.6598,6262325100.0,2791.4674
2018-03-26,2767.3635,2773.5378,2709.568,4274221000.0,2738.868
2018-03-27,2775.6346,2780.8388,2726.3603,3921166400.0,2747.5872
2018-03-28,2714.8736,2746.8803,2687.9567,3458348600.0,2694.8259
2018-03-29,2699.1359,2757.7792,2657.492,4235391900.0,2738.7906
2018-03-30,2735.6242,2740.8194,2714.7667,3168191800.0,2722.153
2018-04-02,2717.1183,2754.6509,2707.6327,3469871900.0,2711.3735
2018-04-03,2690.6325,2709.9075,2683.048,2862816200.0,2697.272
2018-04-04,2706.4205,2730.2484,2698.8863,2673225800.0,2702.3692
2018-04-09,2706.3294,2721.5909,2688.8314,2629354900.0,2715.7318
2018-04-10,2719.517,2781.2685,2710.8682,3808253500.0,2780.8036
2018-04-11,2782.6714,2803.8806,2767.3767,3898881100.0,2785.3386
2018-04-12,2785.1209,2785.3072,2747.772,2611214800.0,2749.6986
2018-04-13,2765.6697,2771.0319,2724.1662,2175001400.0,2726.3956
2018-04-16,2716.5786,2723.5796,2656.52,3674875700.0,2664.7045
2018-04-17,2669.2648,2683.4957,2633.5923,2713975100.0,2635.7032
2018-04-18,2666.6167,2668.7892,2623.9744,3154990300.0,2653.7691
2018-04-19,2661.3006,2693.1359,2656.1487,2602567700.0,2682.5518
2018-04-20,2672.3583,2677.9209,2632.7466,2813964700.0,2647.3763
2018-04-23,2637.071,2671.0096,2636.6773,2532125100.0,2664.9175
2018-04-24,2669.6103,2737.2062,2669.6103,3944528900.0,2722.8474
2018-04-25,2707.7101,2717.3144,2696.2223,2350129300.0,2702.9802
2018-04-26,2712.517,2717.5693,2652.4225,2353313500.0,2666.0239
2018-04-27,2672.6362,2675.0958,2613.5267,2837524800.0,2653.5436
2018-05-02,2662.0787,2667.9624,2637.0612,2665940200.0,2652.7311
2018-05-03,2643.9661,2671.2449,2626.5404,2622235000.0,2663.9752
2018-05-04,2659.2724,2669.6982,2643.2567,2076166300.0,2646.3548
2018-05-07,2649.0997,2686.221,2638.1682,2660801000.0,2683.8487
2018-05-08,2683.841,2736.7572,2682.7941,3164436400.0,2722.88
2018-05-09,2723.0859,2725.1955,2706.4814,2026491600.0,2717.2393
2018-05-10,2727.5158,2738.6293,2712.4744,1960917500.0,2729.4001
2018-05-11,2737.2278,2738.6456,2720.5471,2348888500.0,2724.7162
2018-05-14,2736.9752,2761.4948,2736.0351,2706150100.0,2753.5353
2018-05-15,2760.1979,2760.5682,2731.5668,2252642200.0,2750.8309
2018-05-16,2739.8948,2744.6179,2714.2644,2180867900.0,2716.7818
2018-05-17,2720.7715,2724.39,2698.1711,1674690700.0,2700.8768
2018-05-18,2697.7172,2741.014,2690.9915,2292726700.0,2740.5347
2018-05-21,2753.8794,2761.7225,2739.6817,2776658200.0,2745.8041
2018-05-22,2744.3238,2744.3238,2711.0597,2334029500.0,2728.0004
2018-05-23,2721.0206,2721.0206,2683.5856,2542659400.0,2683.6934
2018-05-24,2684.1321,2691.0337,2664.1226,1973268900.0,2665.6758
2018-05-25,2663.3212,2679.8487,2650.3387,1994220500.0,2661.2911
2018-05-28,2661.2082,2682.7805,2650.398,1853303900.0,2673.1985
2018-05-29,2666.8301,2676.6828,2642.8669,2689562400.0,2663.4034
2018-05-30,2632.7129,2637.1916,2604.9059,2420898600.0,2605.9005
2018-05-31,2626.9376,2661.6567,2624.6717,2650681000.0,2658.2917
2018-06-01,2652.2511,2664.3107,2637.3739,2038762400.0,2647.1867
2018-06-04,2664.845,2697.7518,2658.5681,2254628800.0,2694.577
2018-06-05,2697.6934,2712.1161,2680.2417,2221440500.0,2707.0168
2018-06-06,2702.7119,2703.4144,2688.3289,2052311800.0,2692.1807
2018-06-07,2697.5121,2717.0637,2693.1048,2351103000.0,2695.2374
2018-06-08,2686.0929,2686.1535,2637.3625,2603121200.0,2652.0823
2018-06-11,2644.4271,2665.9317,2633.082,1977501800.0,2660.4084
2018-06-12,2662.3871,2691.9664,2650.9744,1964300800.0,2687.7018
2018-06-13,2681.3132,2686.0677,2662.7477,1938716500.0,2671.6265
2018-06-14,2662.2343,2691.0449,2659.5741,2135695700.0,2671.2975
2018-06-15,2657.5896,2677.3105,2657.506,2561838900.0,2667.9751
2018-06-19,2638.3951,2646.6398,2571.6922,5757435500.0,2599.7801
2018-06-20,2588.1187,2607.4674,2567.4983,2383085500.0,2598.328
2018-06-21,2597.3032,2628.0383,2575.1735,2463238600.0,2579.0517
2018-06-22,2564.8679,2586.3338,2553.2993,1965883400.0,2583.708
2018-06-25,2593.6247,2595.9885,2535.1222,2344308400.0,2536.4599
2018-06-26,2516.0829,2519.1612,2470.1462,2645010000.0,2506.7166
2018-06-27,2500.0663,2512.5855,2438.0431,2742691900.0,2452.6386
2018-06-28,2431.8604,2461.1738,2418.295,2285604900.0,2425.1758
2018-06-29,2431.8087,2481.3228,2429.5937,2076265300.0,2479.9115
2018-07-02,2473.3116,2473.7343,2370.3999,2610815100.0,2386.3765
2018-07-03,2389.3604,2395.0801,2331.8404,2907468000.0,2388.9763
2018-07-04,2381.2531,2403.5109,2365.8939,1966447700.0,2368.4251
2018-07-05,2370.8634,2398.5647,2352.9749,2526863900.0,2374.3553
2018-07-06,2378.8689,2422.4035,2349.4759,2492203000.0,2402.617
2018-07-09,2410.5172,2471.7978,2410.5172,2433336600.0,2471.2851
2018-07-10,2475.9776,2477.8448,2448.8609,2137346000.0,2471.2299
2018-07-11,2420.1787,2443.3456,2409.3108,2085190100.0,2432.2785
2018-07-12,2425.6658,2490.4438,2425.6658,2732409300.0,2474.6247
2018-07-13,2480.8213,2481.5568,2464.9487,1983210000.0,2476.8642
2018-07-16,2471.1523,2484.1708,2438.8598,1987246200.0,2448.765
2018-07-17,2443.5479,2446.0981,2414.3524,1666643300.0,2430.4445
2018-07-18,2437.3761,2458.4802,2419.3161,1780746500.0,2420.7591
2018-07-19,2432.8921,2452.4453,2418.66,2044605400.0,2426.1628
2018-07-20,2426.0974,2506.9362,2409.0533,3445347100.0,2493.765
2018-07-23,2482.0482,2533.7736,2478.1883,3962566300.0,2526.8127
