date,open,close,high,low,volume
2014/1/2,1028.617,1056.116,1056.116,1027.298,3327555.3
2014/1/3,1052.042,1050.779,1059.006,1045.721,3420876.2
2014/1/6,1047.484,1011.761,1047.882,1011.347,3097982.2
2014/1/7,1005.409,1023.982,1028.96,1001.883,2966064.2
2014/1/8,1034.083,1036.027,1040.527,1027.107,3110928.9
2014/1/9,1032.8,1014.188,1042.761,1014.188,2945223.4
2014/1/10,1007.004,984.696,1012.72,980.292,2518179
2014/1/13,982.206,981.327,991.044,972.465,1947715.1
2014/1/14,980.88,1017.476,1017.476,980.88,2470146.8
2014/1/15,1016.583,1029.794,1029.794,1013.557,2477664.1
2014/1/16,1028.444,1027.497,1038.153,1021.932,2849383.6
2014/1/17,1025.364,1022.632,1032.13,1017.105,2680061.3
2014/1/20,1017.275,1014.039,1025.715,1004.635,2225573.5
2014/1/21,1014.612,1035.151,1035.151,1012.482,2534689.6
2014/1/22,1033.068,1057.203,1057.231,1032.401,3309958.4
2014/1/23,1061.571,1084.414,1089.785,1060.938,3656806.9
2014/1/24,1085.008,1107.984,1108.766,1082.909,3892497.9
2014/1/27,1108.211,1120.107,1130.263,1106.313,3948665.7
2014/1/28,1118.825,1115.24,1126.858,1100.658,3080862.5
2014/1/29,1117.746,1130.263,1134.167,1114.865,2638833.4
2014/1/30,1126.295,1117.671,1128.874,1113.183,2748003.7
2014/2/7,1107.342,1155.663,1155.875,1103.165,3983271.6
2014/2/10,1168.064,1211.492,1214.184,1168.064,5857962.7
2014/2/11,1216.065,1215.167,1219.883,1187.708,5884855.3
2014/2/12,1219.712,1256.163,1259.185,1219.276,6493574.2
2014/2/13,1263.785,1232.905,1265.473,1229.107,6973154.6
2014/2/14,1231.105,1255.45,1255.45,1224.548,4972495
2014/2/17,1261.853,1298.807,1298.807,1255.079,6429134.4
2014/2/18,1300.076,1299.914,1311.82,1287.164,6922895.3
2014/2/19,1297.147,1286.654,1303.326,1274.305,5021637.4
2014/2/20,1292.724,1273.097,1295.44,1261.674,5296306.5
2014/2/21,1274.565,1273.997,1285.641,1260.179,4720903.4
2014/2/24,1274.755,1304.997,1305.027,1267.627,5382595.4
2014/2/25,1308.071,1223.033,1313.811,1214.852,6768927.9
2014/2/26,1208.296,1223.689,1223.689,1183.269,4582356.2
2014/2/27,1228.583,1189.873,1253.773,1188.917,4988798.6
2014/2/28,1190.395,1211.871,1212.654,1176.407,4315709.3
2014/3/3,1219.324,1242.729,1242.729,1215.033,4320044.7
2014/3/4,1239.425,1242.941,1245.76,1223.784,4759938.1
2014/3/5,1244.929,1237.847,1250.732,1233.755,3935897.1
2014/3/6,1233.97,1243.643,1248.021,1219.52,3738800.6
2014/3/7,1246.326,1229.811,1255.685,1223.926,3915138.7
2014/3/10,1212.501,1161.871,1212.501,1159.471,4141025.5
2014/3/11,1155.584,1158.667,1174.113,1145.009,3038371.1
2014/3/12,1154.927,1147.279,1163.613,1124.586,2783230.6
2014/3/13,1148.455,1162.445,1164.74,1147.698,2340437.7
2014/3/14,1153.801,1167.066,1173.02,1150.423,2317811.1
2014/3/17,1169.676,1207.315,1207.344,1168.773,3231827.1
2014/3/18,1207.315,1202.544,1215.501,1200.777,3110398.6
2014/3/19,1201.784,1210.873,1212.135,1196.413,3268192.9
2014/3/20,1209.396,1161.544,1215.428,1161.544,4388060.1
2014/3/21,1150.013,1181.539,1182.7,1138.202,3743114.4
2014/3/24,1179.471,1172.733,1182.354,1168.71,3091931.6
2014/3/25,1167.719,1173.849,1177.256,1162.625,3011167.5
2014/3/26,1173.107,1184.05,1191.848,1172.786,2827517
2014/3/27,1180.468,1149.51,1180.468,1149.51,2740906.5
2014/3/28,1144.911,1100.669,1148.612,1096.015,3208283.8
2014/3/31,1099.997,1095.898,1107.377,1086.805,2044288.6
2014/4/1,1097.556,1124.653,1124.653,1096.186,1849895.5
2014/4/2,1130.742,1120.715,1132.15,1114.424,1968076.2
2014/4/3,1117.101,1126.906,1135.818,1117.101,2002867.5
2014/4/4,1126.144,1143.809,1143.809,1122.103,2395279.2
2014/4/8,1137.738,1149.582,1149.582,1130.083,2531939.3
2014/4/9,1152.607,1172.354,1172.354,1150.584,3014466
2014/4/10,1174.584,1176.959,1189.325,1172.549,4013944
2014/4/11,1168.297,1165.849,1169.122,1157.926,3506151.3
2014/4/14,1163.05,1177.701,1177.729,1162.573,2826032
2014/4/15,1177.398,1174.195,1180.056,1169.148,3263350.5
2014/4/16,1169.648,1171.483,1174.446,1161.837,2721784.8
2014/4/17,1172.888,1183.644,1186.768,1170.59,3126389.4
2014/4/18,1179.255,1189.534,1191.647,1174.653,2956288.3
2014/4/21,1178.946,1175.316,1198.682,1173.843,3351320.8
2014/4/22,1172.594,1158.05,1178.618,1138.741,2848571
2014/4/23,1156.637,1159.373,1168.224,1152.066,1978984
2014/4/24,1156.199,1150.852,1158.402,1144.273,2472790.8
2014/4/25,1148.129,1115.844,1150.718,1114.613,2450027.1
2014/4/28,1106.617,1067.81,1107.379,1064.489,3318643.9
2014/4/29,1059.998,1085.739,1085.936,1059.998,1872573.5
2014/4/30,1084.424,1097.429,1097.934,1081.369,1920926
2014/5/5,1093.489,1118.79,1118.79,1090.997,1909861.4
2014/5/6,1117.64,1136.664,1144.678,1115.407,2534963
2014/5/7,1133.224,1120.459,1139.28,1120.38,2477165
2014/5/8,1115.613,1119.989,1135.337,1110.869,2671621.2
2014/5/9,1118.581,1115.248,1122.541,1104.178,2678125.3
2014/5/12,1122.225,1146.059,1146.059,1118.204,2803642.9
2014/5/13,1141.319,1143.766,1150.403,1139.076,2397067.3
2014/5/14,1142.381,1146.718,1149.99,1139.935,2104204.2
2014/5/15,1143.081,1120.263,1145.064,1117.81,2310745.1
2014/5/16,1113.821,1116.641,1117.735,1098.092,2456329.4
2014/5/19,1112.228,1105.111,1112.387,1091.633,1977846.5
2014/5/20,1111.686,1111.638,1127.701,1107.629,2063697.6
2014/5/21,1109.359,1127.356,1127.356,1097.548,1818084.1
2014/5/22,1125.805,1125.048,1140.071,1123.475,2266295.2
2014/5/23,1122.571,1140.929,1140.929,1120.155,1924749
2014/5/26,1143.751,1155.136,1157.879,1143.751,2587905.8
2014/5/27,1156.335,1156.765,1163.533,1153.086,3001632.7
2014/5/28,1154.985,1183.72,1183.72,1151.599,4113386.6
2014/5/29,1182.334,1167.891,1184.186,1164.284,3310986.8
2014/5/30,1166.196,1178.483,1183.073,1160.689,3089787.1
2014/6/3,1179.747,1172.343,1184.539,1171.905,2746609.3
2014/6/4,1170.484,1165.063,1170.484,1149.741,2884589.9
2014/6/5,1162.181,1176.821,1176.821,1159.671,2316788.2
2014/6/6,1177.086,1173.729,1186.291,1163.712,2781649.1
2014/6/9,1170.906,1163.028,1176.321,1161.746,2379235
2014/6/10,1164.374,1185.287,1185.287,1154.561,3057245.9
2014/6/11,1186.934,1195.071,1196.616,1182.006,3516085.5
2014/6/12,1192.099,1190.013,1193.876,1184.677,3168160.5
2014/6/13,1186.317,1211.211,1214.449,1186.286,3804637.4
2014/6/16,1209.645,1220.111,1221.576,1208.901,3694896.5
2014/6/17,1217.574,1206.235,1219.675,1205.725,3650922.5
2014/6/18,1215.885,1212.79,1224.555,1211.541,3139798
2014/6/19,1211.004,1166.201,1216.162,1157.356,3691662.5
2014/6/20,1165.909,1189.659,1189.659,1165.317,2341550.9
2014/6/23,1189.781,1213.253,1216.454,1189.781,3362965.9
2014/6/24,1213.798,1221.138,1221.946,1211.028,3182805.7
2014/6/25,1233.106,1225.18,1238.205,1220.848,3841926
2014/6/26,1224.392,1247.116,1250.412,1224.392,3787132.6
2014/6/27,1245.244,1253.737,1261.042,1242.751,3672358.5
2014/6/30,1256.336,1271.408,1271.408,1252.781,3919088.4
2014/7/1,1281.276,1281.376,1288.814,1274.528,3961615.7
2014/7/2,1283.388,1292.733,1293.752,1277.124,4588055.6
2014/7/3,1292.039,1317.355,1317.685,1290.117,5039097.4
2014/7/4,1317.644,1321.494,1326.231,1313.246,3786671.3
2014/7/7,1323.571,1315.453,1326.497,1307.996,4380107.7
2014/7/8,1310.433,1327.761,1327.761,1301.484,3867823.2
2014/7/9,1320.912,1295.863,1326.022,1295.863,4577135.3
2014/7/10,1289.099,1292.993,1303.946,1289.099,3201126.9
2014/7/11,1288.96,1300.843,1305.184,1287.143,3168977.2
2014/7/14,1300.398,1316.298,1316.484,1297.652,3495276.4
2014/7/15,1314.224,1309.277,1316.674,1298.81,3545927.4
2014/7/16,1306.826,1275.204,1309.744,1269.436,3302706.1
2014/7/17,1274.648,1274.748,1276.57,1262.512,2541592.4
2014/7/18,1268.038,1274.93,1281.941,1265.824,2320728.2
2014/7/21,1273.655,1262.367,1273.655,1255.93,2159393.1
2014/7/22,1261.237,1284.904,1285.428,1260.365,2555227.9
2014/7/23,1287.003,1259.236,1288.575,1254.922,2620084.1
2014/7/24,1256.297,1243.345,1257.856,1227.875,2996688.3
2014/7/25,1241.054,1255.334,1255.334,1240.473,2494826.9
2014/7/28,1256.714,1275.664,1275.786,1255.609,3129337.5
2014/7/29,1277.409,1292.247,1296.167,1273.797,3374441.1
2014/7/30,1291.269,1297.222,1297.868,1283.33,3109333.6
2014/7/31,1295.592,1309.972,1310.099,1294.849,3408079.3
2014/8/1,1305.49,1289.044,1311.058,1286.68,3866847.8
2014/8/4,1294.321,1306.221,1306.251,1293.15,2524934.7
2014/8/5,1309.953,1315.911,1316.701,1297.077,3377629.7
2014/8/6,1317.594,1336.475,1336.628,1311.657,4627671
2014/8/7,1334.268,1324.135,1341.385,1323.825,4394807.1
2014/8/8,1322.446,1333.896,1337.283,1322.446,3441141.6
2014/8/11,1335.263,1360.48,1360.48,1335.093,4404200.4
2014/8/12,1361.508,1373.04,1375.097,1358.233,4458673.4
2014/8/13,1372.353,1379.49,1379.713,1349.027,5145262
2014/8/14,1377.075,1374.694,1391.576,1371.705,4725755.9
2014/8/15,1374.626,1397.343,1398.914,1371.977,4642023.1
2014/8/18,1399.728,1420.266,1420.398,1399.694,4964454.3
2014/8/19,1419.919,1432.067,1433.454,1417.222,5507607.5
2014/8/20,1433.908,1430.975,1441.034,1419.826,5625324.8
2014/8/21,1434.103,1428.778,1434.203,1411.839,4972078.5
2014/8/22,1426.763,1434.426,1436.387,1420.205,4403971.9
2014/8/25,1434.494,1417.311,1434.494,1416.311,4127109.1
2014/8/26,1413.093,1391.734,1417.872,1384.45,4419161.6
2014/8/27,1390.176,1404.68,1411.153,1389.911,3504872.4
2014/8/28,1402.046,1399.261,1411.268,1392.873,3420097.8
2014/8/29,1398.701,1428.304,1428.44,1398.701,3069453.2
2014/9/1,1428.413,1454.536,1454.536,1427.304,3998478.3
2014/9/2,1461.595,1475.786,1475.786,1457.906,4972823.1
2014/9/3,1478.737,1477.369,1485.144,1463.907,4647899
2014/9/4,1476.445,1487.35,1490.34,1469.369,4645204.8
2014/9/5,1494.061,1496.911,1497.371,1480.125,5269973.9
2014/9/9,1499.826,1511.807,1511.88,1489.571,5565799.7
2014/9/10,1505.059,1517.19,1518.444,1496.91,5633232.6
2014/9/11,1522.68,1506.533,1530.266,1495.624,6251078.8
2014/9/12,1514.711,1543.11,1543.11,1514.567,4693422.8
2014/9/15,1544.542,1559.366,1562.165,1539.162,5048221.3
2014/9/16,1562.883,1493.219,1563.064,1491.334,5975613.5
2014/9/17,1495.885,1500.442,1503.984,1471.654,3713917.9
2014/9/18,1493.364,1500.933,1503.387,1486.961,3068461
2014/9/19,1507.686,1524.769,1524.769,1507.115,3296767.6
2014/9/22,1526.855,1508.976,1526.855,1503.603,3554935.2
2014/9/23,1509.628,1533.23,1533.487,1508.718,3533012.6
2014/9/24,1527.94,1551.628,1551.628,1524.778,4027079.6
2014/9/25,1554.576,1555.715,1566.879,1547.692,5312768.7
2014/9/26,1550.503,1555.563,1559.395,1543.762,3676163.5
2014/9/29,1557.488,1565.763,1567.138,1556.141,4563706.5
2014/9/30,1567.597,1589.396,1591.69,1567.444,5653036.4
2014/10/8,1589.66,1606.768,1606.99,1579.859,5599118.8
2014/10/9,1606.805,1601.648,1609.047,1576.874,6186256.3
2014/10/10,1594.928,1593.081,1604.292,1582.055,5674168
2014/10/13,1582.194,1587.486,1587.486,1555.106,5378294.2
2014/10/14,1584.386,1574.195,1596.641,1566.147,4764346.8
2014/10/15,1576.153,1592.571,1592.571,1559.587,5517003.2
2014/10/16,1583.623,1560.646,1594.905,1560.646,5530609.7
2014/10/17,1548.269,1549.249,1555.201,1515.786,5084769.5
2014/10/20,1550.65,1570.398,1570.398,1549.429,3656198.9
2014/10/21,1574.009,1560.797,1583.388,1559.583,3720490.7
2014/10/22,1567.114,1548.487,1576.227,1545.969,3820774.5
2014/10/23,1548.733,1516.461,1550.176,1512.343,3892995.8
2014/10/24,1515.055,1510.188,1524.56,1506.465,2878727.5
2014/10/27,1503.967,1529.148,1529.249,1496.394,2788329.5
2014/10/28,1530.18,1574.581,1574.887,1530.109,4117855.6
2014/10/29,1578.242,1589.417,1596.52,1577.205,4819616.6
2014/10/30,1590.428,1583.659,1595.492,1578.538,4341841.6
2014/10/31,1584.763,1571.939,1589.148,1557.511,4366426.3
2014/11/3,1570.778,1585.263,1585.657,1569.974,3633101
2014/11/4,1576.292,1569.159,1577.625,1561.917,3525349.8
2014/11/5,1564.638,1569.087,1572.618,1556.891,3393654.1
2014/11/6,1568.015,1586.01,1586.533,1565.575,2995124
2014/11/7,1585.806,1565.203,1592.542,1560.029,3920250.8
2014/11/10,1563.824,1569.302,1569.675,1558.159,3241229.7
2014/11/11,1568.517,1508.622,1569.339,1494.087,4855144.6
2014/11/12,1501.226,1533.298,1533.298,1501.226,3294654.3
2014/11/13,1529.526,1504.42,1529.775,1489.672,4026915.3
2014/11/14,1498.063,1501.339,1501.805,1486.331,2680833.9
2014/11/17,1500.405,1524.078,1530.084,1494.637,2780681.2
2014/11/18,1521.631,1530.248,1530.285,1518.576,2170349.6
2014/11/19,1525.056,1537.845,1541.046,1518.939,2674870.1
2014/11/20,1531.962,1535.519,1535.519,1527.942,2689862.9
2014/11/21,1535.145,1552.738,1554.31,1532.996,3883566
2014/11/24,1564.326,1563.939,1566.897,1553.181,4214169.9
2014/11/25,1564.663,1587.435,1588.031,1562.784,5138587.1
2014/11/26,1585.886,1598.244,1598.244,1582.672,4513481.2
2014/11/27,1602.479,1601.859,1607.719,1588.844,4946351.9
2014/11/28,1603.07,1600.676,1609.219,1588.357,5578167.3
2014/12/1,1602.886,1574.074,1602.886,1566.68,4730182.9
2014/12/2,1570.845,1590.601,1595.323,1570.602,4390687.3
2014/12/3,1599.159,1613.202,1613.202,1585.533,5345191.1
2014/12/4,1618.233,1630.684,1636.237,1616.916,5774305
2014/12/5,1638.262,1584.455,1638.262,1551.307,6117819.5
2014/12/8,1579.547,1583.511,1595.433,1565.931,5781420
2014/12/9,1583.247,1515.646,1583.247,1514.515,7612481.7
2014/12/10,1534.844,1569.09,1569.09,1511.351,5511713.8
2014/12/11,1562.382,1584.196,1584.196,1553.581,5263938.2
2014/12/12,1584.461,1604.57,1604.57,1581.47,4492071.6
2014/12/15,1599.494,1622.78,1625.802,1593.711,4371002.8
2014/12/16,1621.698,1611.986,1629.044,1603.721,3916500.5
2014/12/17,1607.523,1580.758,1607.898,1569.174,4504719.1
2014/12/18,1576.709,1569.619,1586.419,1567.45,3718975.3
2014/12/19,1565.369,1531.328,1565.369,1514.865,4283995.1
2014/12/22,1518.898,1428.067,1518.898,1421.176,5102156.2
2014/12/23,1419.758,1408.917,1442.672,1404.017,3020401.3
2014/12/24,1411.563,1447.148,1447.438,1411.528,2879790.1
2014/12/25,1446.901,1460.173,1461.85,1446.831,2602781
2014/12/26,1458.33,1452.839,1459.329,1446.122,3500583.5
2014/12/29,1449.223,1409.286,1449.223,1403.248,4366626
2014/12/30,1404.118,1383.792,1408.44,1380.254,3894517.8
2014/12/31,1392.864,1409.904,1410.867,1388.004,3455049.3
2015/1/5,1408.248,1416.923,1418.243,1389.175,3897546.8
2015/1/6,1437.211,1452.936,1453.825,1435.496,4321088.2
2015/1/7,1457.162,1445.671,1457.162,1436.448,3162603.6
2015/1/8,1450.254,1448.851,1460.93,1445.189,3051248.3
2015/1/9,1455.89,1450.714,1474.263,1450.049,2940673.5
2015/1/12,1445.362,1430.21,1445.362,1424.246,2621548
2015/1/13,1429.819,1461.229,1461.452,1427.571,2786302.1
2015/1/14,1464.986,1458.209,1467.472,1453.013,3736854.5
2015/1/15,1456.9,1467.568,1471.468,1456.227,3102720.1
2015/1/16,1466.247,1486.475,1491.356,1464.189,3784863.6
2015/1/19,1454.118,1457.609,1501.65,1437.421,4500262.1
2015/1/20,1461.494,1523.472,1523.472,1461.494,4775600.3
2015/1/21,1525.684,1546.146,1548.556,1525.176,4914049.4
2015/1/22,1544.779,1578.686,1578.686,1544.779,5008467.4
2015/1/23,1581.166,1556.333,1581.166,1550.018,4400506.2
2015/1/26,1562.16,1588.273,1588.273,1561.178,4530395.3
2015/1/27,1588.688,1613.544,1614.285,1586.931,6221610.1
2015/1/28,1614.819,1617.165,1629.464,1609.671,5340040.3
2015/1/29,1605.661,1616.194,1623.022,1599.016,3836214
2015/1/30,1620.161,1590.191,1625.424,1589.616,3814283.2
2015/2/2,1580.848,1599.912,1607.068,1571.65,3020031.9
2015/2/3,1607.838,1649.58,1653.704,1606.711,4809435.6
2015/2/4,1657.497,1640.614,1660.66,1639.359,5003209.7
2015/2/5,1648.817,1647.426,1672.427,1642.397,5833854.2
2015/2/6,1644.387,1608.986,1649.695,1603.714,4763824.4
2015/2/9,1601.132,1590.607,1611.417,1586.817,3373037.9
2015/2/10,1589.016,1613.971,1613.971,1589.016,3224190
2015/2/11,1618.167,1638.84,1639.17,1617.671,3274144.2
2015/2/12,1640.159,1651.95,1654.185,1640.119,3561277.7
2015/2/13,1658.951,1687.879,1687.879,1658.951,4452225.7
2015/2/16,1692.53,1742.313,1742.313,1692.489,5445402.7
2015/2/17,1752.31,1766.86,1767.363,1743.358,4467490
2015/2/25,1767.612,1755.845,1775.364,1748.857,4209817.2
2015/2/26,1757.151,1765.599,1767.706,1744.529,3880489.7
2015/2/27,1773.712,1790.397,1791.24,1771.698,4463532.1
2015/3/2,1797.766,1831.576,1831.657,1790.234,5935780
2015/3/3,1829.577,1825.54,1850.141,1818.838,7280213.4
2015/3/4,1825.621,1864.444,1864.444,1825.012,5360162.9
2015/3/5,1870.078,1883.295,1884.662,1862.869,5948017.4
2015/3/6,1888.986,1853.245,1897.608,1849.144,5747762.8
2015/3/9,1845.255,1873.012,1873.301,1830.676,4369495.2
2015/3/10,1874.246,1893.282,1903.979,1873.761,5182588.8
2015/3/11,1892.808,1885.75,1892.808,1877.63,4716717.4
2015/3/12,1887.85,1865.383,1897.734,1850.172,4811487.2
2015/3/13,1866.188,1896.887,1896.928,1866.188,4234155
2015/3/16,1910.207,1957.713,1958.219,1908.436,6809447.6
2015/3/17,1962.963,1976.333,1987.165,1951.535,7419595.1
2015/3/18,1975.41,2016.342,2016.342,1970.667,7047008.4
2015/3/19,2011.652,2018.129,2018.266,1993.978,6494006
2015/3/20,2015.918,2032.576,2049.318,2014.78,6198566.6
2015/3/23,2039.782,2074.844,2075.121,2035.347,7622600.1
2015/3/24,2078.851,2088.612,2091.678,1997.32,9279958.9
2015/3/25,2082.297,2144.519,2156.031,2065.541,9209347.1
2015/3/26,2130.069,2090.496,2132.264,2065.273,7524538.2
2015/3/27,2087.61,2120.759,2123.944,2080.442,5730590.3
2015/3/30,2118.12,2114.346,2143.228,2104.449,6451920.3
2015/3/31,2120.062,2127.498,2145.779,2100.696,6119808
2015/4/1,2128.95,2192.983,2192.983,2128.691,6602146.4
2015/4/2,2205.514,2250.47,2250.47,2203.53,8800402.2
2015/4/3,2244.361,2312.197,2314.661,2239.217,9136589.2
2015/4/7,2321.505,2360.812,2360.812,2320.971,8312573.4
2015/4/8,2360.751,2306.392,2365.109,2267.529,8571881.1
2015/4/9,2309.71,2302.172,2310.048,2202.041,8683031.2
2015/4/10,2310.558,2372.004,2380.665,2299.869,7834059.2
2015/4/13,2383.694,2422.437,2434.692,2371.043,8375477.7
2015/4/14,2422.84,2408.594,2440.547,2386.1,8066682.1
2015/4/15,2399.547,2306.375,2399.782,2289.162,7325965.1
2015/4/16,2265.366,2324.375,2351.771,2230.602,6259467.4
2015/4/17,2334.806,2318.252,2342.119,2307.253,7045683.9
2015/4/20,2300.517,2269.452,2328.162,2262.324,6983503.7
2015/4/21,2269.397,2375.629,2377.142,2269.397,6345380.4
2015/4/22,2380.21,2435.868,2439.148,2380.21,8238025.2
2015/4/23,2441.985,2463.682,2473.425,2425.048,8112291.1
2015/4/24,2445.876,2500.749,2502.54,2425.382,9493881.7
2015/4/27,2526.268,2511.831,2549.343,2488.131,8678223.4
2015/4/28,2506.047,2425.458,2513.657,2390.406,8263237.4
2015/4/29,2418.677,2509.742,2514.483,2410.684,8171434.2
2015/4/30,2514.191,2527.823,2564.214,2513.563,8079451.8
2015/5/4,2525.984,2548.382,2548.438,2492.826,6302330.2
2015/5/5,2548.438,2476.687,2555.574,2454.148,6212041.5
2015/5/6,2484.392,2454.727,2542.016,2443.664,6047899.1
2015/5/7,2443.708,2386.921,2454.181,2381.467,5066309.6
2015/5/8,2423.732,2528.014,2528.067,2423.573,6381676.2
2015/5/11,2565.934,2670.956,2675.078,2559.888,8528734.4
2015/5/12,2692.497,2714.736,2718.684,2656.904,9044689.9
2015/5/13,2695.008,2764.626,2789.662,2667.258,9724959.1
2015/5/14,2774.64,2824.096,2829.625,2773.349,9291461.8
2015/5/15,2847.71,2894.874,2922.409,2844.165,8329634.8
2015/5/18,2922.616,3035.068,3037.254,2913.931,10214454.4
2015/5/19,3059.472,3134.048,3135.658,3045.102,8998810.8
2015/5/20,3184.768,3236.128,3305.908,3184.192,12566963.6
2015/5/21,3292.066,3437.609,3437.609,3284.339,10872406.1
2015/5/22,3521.042,3491.166,3563.607,3417.602,12392291.9
2015/5/25,3480.478,3601.529,3608.226,3454.758,11627532.3
2015/5/26,3677.377,3818.773,3819.565,3675.216,13109457.7
2015/5/27,3884.665,3947.562,3968.978,3795.036,13779514
2015/5/28,3998.028,3773.017,4098.343,3769.999,14681361
2015/5/29,3796.098,3882.804,3948.129,3622.244,12838119
2015/6/1,3949.953,4123.461,4124.299,3949.42,11626091.8
2015/6/2,4194.044,4334.323,4335.293,4183.129,13713662
2015/6/3,4396.023,4347.325,4418.374,4223.245,12847534.8
2015/6/4,4367.442,4296.947,4367.442,4025.878,12705705
2015/6/5,4352.554,4345.645,4416.166,4246.141,13373672.3
2015/6/8,4306.534,4189.462,4312.27,4138.705,11615676.7
2015/6/9,4176.806,4235.196,4263.737,4133.602,10039386.8
2015/6/10,4208.284,4385.192,4432.044,4173.256,11233145.5
2015/6/11,4402.822,4533.035,4536.436,4397.81,9829124.4
2015/6/12,4574.021,4626.933,4667.453,4573.926,11015782.5
2015/6/15,4641.191,4486.181,4641.191,4474.706,11504671.8
2015/6/16,4407.583,4268.332,4407.583,4226.879,9621005
2015/6/17,4260.051,4388.272,4404.577,4113.135,8591882.4
2015/6/18,4390.242,4210.81,4445.407,4202.999,8349170.2
2015/6/19,4068.147,3897.357,4125.751,3881.44,7655544.8
2015/6/23,3890.185,3931.731,3953.478,3637.325,7944730.5
2015/6/24,3983.158,3997.312,4041.033,3857.735,7851218.3
2015/6/25,4018.657,3805.361,4024.253,3745.321,8170682.6
2015/6/26,3653.245,3438.04,3661.975,3430.449,7922661.1
2015/6/29,3480.016,3111.512,3480.016,3075.261,9221893
2015/6/30,2966.079,3263.229,3279.346,2828.177,11360780.6
2015/7/1,3208.08,3052.946,3368.761,3038.327,9857911.4
2015/7/2,3025.591,2817.441,3028.522,2788.805,9246758.2
2015/7/3,2658.931,2601.117,2858.068,2556.207,10812536.8
2015/7/6,2836.674,2440.107,2841.096,2367.12,14597398
2015/7/7,2282.071,2211.048,2291.727,2200.716,7236835.7
2015/7/8,1988.938,2097.547,2115.838,1988.938,13868194
2015/7/9,2038.092,2306.723,2306.723,2038.092,5157045.8
2015/7/10,2462.307,2536.122,2536.122,2448.228,2490473.5
2015/7/13,2738.669,2787.335,2787.54,2701.655,6453243.7
2015/7/14,2894.71,2931.471,3007.534,2864.017,9361864
2015/7/15,2950.743,2738.991,2956.045,2738.804,13909924
2015/7/16,2615.503,2790.332,2884.157,2505.477,12715655.3
2015/7/17,2806.725,3010.651,3036.23,2803.644,11082467.3
2015/7/20,3033.323,3094.211,3148.28,2983.678,13318391.9
2015/7/21,3044.766,3177.186,3202.066,3003.152,10017767.6
2015/7/22,3182.015,3239.141,3258.204,3114.658,11704578.1
2015/7/23,3254.741,3400.774,3413.989,3240.76,12266446.7
2015/7/24,3431.653,3351.666,3509.19,3316.434,13893293
2015/7/27,3250.713,3026.353,3400.265,3019.649,11694920
2015/7/28,2811.663,2864.503,3055.284,2769.052,12635264.6
2015/7/29,2938.808,3073.84,3074.356,2776.333,10218566.3
2015/7/30,3064.126,2979.534,3180.871,2970.128,10437459.6
2015/7/31,2903.496,2923.28,3033.999,2867.801,7990117.7
2015/8/3,2865.232,2764.545,2895.041,2712.453,7966818.7
2015/8/4,2773.723,2986.15,2986.593,2771.235,8231082.7
2015/8/5,2989.972,2971.637,3060.266,2924.814,8649258.2
2015/8/6,2886.733,2969.514,3015.18,2882.487,6729304.6
2015/8/7,3005.693,3095.93,3099.505,2994.845,8417107.6
2015/8/10,3130.694,3277.199,3305.189,3116.148,10069817.3
2015/8/11,3270.03,3292.492,3351.277,3249.001,10828518.8
2015/8/12,3241.046,3219.302,3314.236,3219.165,8938967.3
2015/8/13,3199.986,3345.905,3345.905,3182.575,9826413.5
2015/8/14,3374.857,3373.833,3428.391,3346.929,11413491.8
2015/8/17,3346.1,3398.596,3413.644,3290.971,11126659.7
2015/8/18,3383.545,3066.349,3408.723,3063.222,11995620.9
2015/8/19,2934.308,3141.597,3167.477,2828.768,11273154
2015/8/20,3094.152,3027.088,3194.17,3026.127,9953667.2
2015/8/21,2938.931,2798.511,2978.901,2787.639,8410581.8
2015/8/24,2630.659,2517.96,2646.808,2517.96,5361256.7
2015/8/25,2301.782,2269.678,2364.784,2267.79,6022084.8
2015/8/26,2270.481,2153.971,2369.732,2114.252,10501518.2
2015/8/27,2207.91,2259.339,2259.339,2084.472,8765224.4
2015/8/28,2304.714,2440.408,2440.408,2278.75,10282833.8
2015/8/31,2411.322,2273.115,2411.322,2272.318,7783513.3
2015/9/1,2247.542,2078.369,2247.542,2074.982,7897654.3
2015/9/2,1943.699,1981.237,2155.65,1939.16,7813725.7
2015/9/7,2032.377,2048.599,2127.064,2019.293,7788517.5
2015/9/8,2032.82,2203.396,2207.152,2019.235,7139908.8
2015/9/9,2235.232,2327.011,2327.011,2234.333,10469819.2
2015/9/10,2281.088,2267.363,2328.34,2264.799,7024835.1
2015/9/11,2264.771,2310.72,2334.273,2257.553,6954607.9
2015/9/14,2327.632,2091.105,2335.608,2085.617,7497398.4
2015/9/15,1999.924,1928.216,2057.865,1918.98,6486275.1
2015/9/16,1941.874,2107.028,2111.435,1939.745,7704506.2
2015/9/17,2111.505,2083.85,2213.454,2083.85,9703143.6
2015/9/18,2104.178,2143.686,2154.318,2073.303,6332087.3
2015/9/21,2109.001,2260.817,2262.403,2096.096,7864147.3
2015/9/22,2266.016,2272.347,2301.24,2226,9066590
2015/9/23,2223.627,2253.668,2287.889,2216.038,7282807.6
2015/9/24,2268.812,2282.605,2310.189,2253.668,6090715.7
2015/9/25,2265.628,2161.809,2287.124,2135.97,6719844.5
2015/9/28,2167.393,2241.882,2241.882,2130.246,4692725.7
2015/9/29,2192,2200.613,2232.639,2170.599,4751434.8
2015/9/30,2211.711,2215.433,2239.325,2187.993,4019175.6
2015/10/8,2308.481,2342.358,2354.82,2287.157,6877042.7
2015/10/9,2329.78,2393.22,2402.781,2329.24,7277110.5
2015/10/12,2403.092,2504.754,2538.657,2401.895,9861767.1
2015/10/13,2481.624,2544.569,2549.056,2469.009,8715701.7
2015/10/14,2523.021,2490.916,2556.967,2486.152,8091301
2015/10/15,2478.15,2629.473,2631.6,2477.527,9668027.4
2015/10/16,2657.893,2665.67,2673.558,2594.394,10367563.9
2015/10/19,2678.302,2670.49,2687.846,2620.637,10310269.4
2015/10/20,2670.717,2764.184,2772.082,2668.33,10350876.1
2015/10/21,2771.359,2541.696,2778.122,2532.639,12988362.5
2015/10/22,2537.045,2670.24,2672.674,2531.096,9920345.1
2015/10/23,2687.397,2763.982,2773.981,2682.682,11395286.7
2015/10/26,2806.441,2787.446,2813.439,2735.871,11279935.2
2015/10/27,2763.146,2835.307,2853.395,2650.445,11108875.4
2015/10/28,2817.054,2764.365,2874.705,2751.37,10656219
2015/10/29,2789.582,2787.833,2833.53,2739.654,8879227.1
2015/10/30,2769,2785.215,2837.274,2712.277,8943826
2015/11/2,2697.338,2756.055,2853.935,2685.004,9252564.8
2015/11/3,2753.242,2751.217,2796.608,2714.545,7354087.6
2015/11/4,2759.695,2911.854,2911.854,2759.695,10304677.3
2015/11/5,2914.528,2907.456,2973.062,2876.436,13018330
2015/11/6,2972.351,3071.419,3073.623,2972.351,12290129.2
2015/11/9,3085.24,3139.297,3161.473,3019.696,15999457
2015/11/10,3105.769,3169.936,3186.888,3095.284,12788311.4
2015/11/11,3177.53,3289.505,3291.407,3169.935,11881423.6
2015/11/12,3310.623,3318.452,3353.584,3253.78,12281271.2
2015/11/13,3277.134,3220.394,3293.466,3184.217,10523465.1
2015/11/16,3148.156,3332.792,3332.792,3138.747,10892921.7
2015/11/17,3358.3,3261.713,3388.552,3254.279,13462829
2015/11/18,3258.388,3175.842,3284.858,3166.433,10821263.3
2015/11/19,3183.385,3359.894,3359.894,3183.385,12200866.1
2015/11/20,3385.48,3468.702,3488.926,3381.41,15795076
2015/11/23,3461.097,3416.137,3505.056,3396.793,14624653
2015/11/24,3401.224,3549.3,3549.3,3378.69,12310974.1
2015/11/25,3557.217,3650.25,3658.645,3550.187,14005434
2015/11/26,3672.151,3647.933,3681.487,3620.697,14209801
2015/11/27,3606.262,3361.149,3651.16,3328.668,13303991.4
2015/11/30,3361.346,3429.953,3435.094,3176.285,11190301.8
2015/12/1,3420.671,3369.289,3451.81,3314.141,9908555.3
2015/12/2,3347.157,3270.918,3364.334,3127.426,8297542.5
2015/12/3,3269.314,3394.122,3394.122,3268.993,7899341.8
2015/12/4,3406.7,3380.612,3456.014,3340.148,9348253.4
2015/12/7,3382.07,3433.243,3433.243,3355.82,8515801.7
2015/12/8,3401.863,3341.353,3410.446,3326.812,8439989.2
2015/12/9,3309.773,3336.963,3372.538,3303.942,7173490.3
2015/12/10,3350.375,3367.444,3408.771,3337.668,7014595
2015/12/11,3361.113,3384.545,3416.37,3357.011,7127476.5
2015/12/14,3356.231,3442.403,3442.403,3335.013,6675853.3
2015/12/15,3464.58,3510.92,3534.553,3462.925,7115108.5
2015/12/16,3554.603,3582.826,3619.218,3554.603,8554420.9
2015/12/17,3615.002,3704.159,3704.159,3615.002,10931913.4
2015/12/18,3715.129,3691.621,3736.784,3663.27,10200268.2
2015/12/21,3690.607,3719.876,3728.466,3676.499,8452512.4
2015/12/22,3740.087,3781.495,3781.565,3725.91,8937454.3
2015/12/23,3794.337,3752.67,3819.595,3748.888,9438232.5
2015/12/24,3762.653,3801.1,3811.155,3691.848,7335752.6
2015/12/25,3816.016,3844.992,3859.479,3804.401,7072440.4
2015/12/28,3865.614,3758.413,3905.986,3757.76,8705537.3
2015/12/29,3765.568,3848.402,3848.402,3740.471,6588762.9
2015/12/30,3870.838,3957.536,3957.754,3865.756,8579181.4
2015/12/31,3987.478,3851.354,3987.478,3850.383,7425888.6
2016/1/4,3835.803,3504.005,3841.253,3503.424,6665841.1
2016/1/5,3230.559,3318.489,3421.011,3189.121,9711891.7
2016/1/6,3326.066,3418.045,3418.233,3290.878,7089222.8
2016/1/7,3348.36,3108.342,3348.36,3099.491,1984020.6
2016/1/8,3182.464,3087.181,3219.764,2910.903,7814671.8
2016/1/11,2998.621,2820.518,3014.079,2820.402,6913068.6
2016/1/12,2807.214,2813.972,2866.498,2733.827,6177497.2
2016/1/13,2832.125,2668.017,2858.571,2667.433,6005469.4
2016/1/14,2543.627,2808.616,2818.382,2543.476,6454968.4
2016/1/15,2782.625,2695.598,2826.191,2674.292,6159977.8
2016/1/18,2625.127,2779.408,2831.954,2618.563,5463447.3
2016/1/19,2774.846,2906.369,2912.452,2773.482,6340165.6
2016/1/20,2875.167,2873.851,2931.923,2840.126,6219854.8
2016/1/21,2821.579,2742.142,2922.11,2739.864,6039157.6
2016/1/22,2786.122,2827.355,2838.583,2707.943,5251438.8
2016/1/25,2860.285,2882.782,2906.361,2835.944,5205932.7
2016/1/26,2847.135,2629.26,2847.135,2615.662,6508522.6
2016/1/27,2640.868,2611.975,2652.826,2442.826,7156029.5
2016/1/28,2556.039,2445.449,2593.346,2434.558,6075269.2
2016/1/29,2412.136,2566.291,2596.513,2412.136,6153765.3
2016/2/1,2561.8,2544.405,2602.945,2488.382,4853301.6
2016/2/2,2553.514,2668.937,2678.49,2550.868,5558543.6
2016/2/3,2622.1,2687.979,2704.968,2593.796,5400161.4
2016/2/4,2706.472,2761.485,2781.386,2701.956,5654710.3
2016/2/5,2767.118,2712.309,2776.514,2712.309,4547888.5
2016/2/15,2609.241,2714.239,2734.112,2597.297,4280559.9
2016/2/16,2731.725,2861.486,2870.621,2731.412,6296673.9
2016/2/17,2853.182,2920.257,2924.934,2833.366,6667701.4
2016/2/18,2946.315,2924.413,2965.465,2912.9,6737628.7
2016/2/19,2903.644,2970.286,2993.911,2899.814,6180109.2
2016/2/22,3022.004,3053.454,3053.454,3008.492,7521449.8
2016/2/23,3059.501,3032.499,3068.182,2981.129,7360773.1
2016/2/24,3012.727,3014.601,3038.861,2923.091,7011568.2
2016/2/25,3005.497,2725.731,3005.497,2722.539,7905263.5
2016/2/26,2746.361,2716.431,2771.855,2654.648,5947686.9
2016/2/29,2689.049,2490.807,2689.321,2467.638,5917281.8
2016/3/1,2492.321,2548.34,2578.376,2412.029,5165621.8
2016/3/2,2547.168,2690.198,2697.893,2534.099,6235863.4
2016/3/3,2693.679,2693.416,2761.462,2691.253,6457515.9
2016/3/4,2667.802,2556.316,2702.5,2517.393,6843891
2016/3/7,2584.538,2641.492,2669.97,2584.333,4948921.3
2016/3/8,2630.279,2681.643,2681.748,2495.946,5920339
2016/3/9,2608.91,2619.746,2667.25,2584.94,4494513.6
2016/3/10,2626.637,2581.733,2651.397,2575.21,4088049.3
2016/3/11,2525.761,2596.565,2601.02,2522.049,4186115.3
2016/3/14,2634.393,2715.192,2748.133,2632.815,7278312.7
2016/3/15,2696.674,2685.053,2727.41,2670.826,5919706.4
2016/3/16,2718.504,2640.75,2725.92,2619.538,5033047.6
2016/3/17,2652.499,2774.027,2776.129,2652.499,6771306.4
2016/3/18,2782.292,2901.972,2911.313,2776.235,9683566.5
2016/3/21,2945.324,2988.084,2988.084,2924.359,9565745.5
2016/3/22,2961.378,2979.73,3020.892,2943.629,7743918.3
2016/3/23,2957.534,3028.622,3028.622,2953.277,7062366.4
2016/3/24,2998.033,2960.236,3041.887,2959.509,7086596.4
2016/3/25,2956.732,2999.074,3007.481,2944.724,7438885.1
2016/3/28,3017.742,2955.407,3051.558,2942.032,7151340.9
2016/3/29,2955.939,2885.778,2962.264,2853.15,6946059.8
2016/3/30,2915.79,3036.646,3036.704,2915.79,7211630.4
2016/3/31,3059.664,3065.19,3111.469,3050.129,7955113.9
2016/4/1,3047.351,3049.496,3060.96,2980.162,7202496.9
2016/4/5,3053.277,3163.913,3171.293,3051.021,9086465.3
2016/4/6,3151.455,3195.354,3197.464,3141.436,8797581.3
2016/4/7,3204.341,3122.26,3209.999,3120.796,8406738.4
2016/4/8,3089.476,3106.128,3107.039,3046.74,7379643.6
2016/4/11,3132.055,3183.528,3202.988,3132.055,7458851.1
2016/4/12,3168.473,3135.908,3175.039,3089.548,6105879.3
2016/4/13,3152.678,3188.434,3237.302,3152.61,8231171.4
2016/4/14,3206.037,3253.93,3255.258,3194.412,6372053.2
2016/4/15,3251.896,3262.336,3267.285,3228.78,6716261
2016/4/18,3237.834,3203.206,3237.834,3176.564,6608967.8
2016/4/19,3217.153,3231.034,3238.108,3189.259,5796611.3
2016/4/20,3240.189,3013.545,3242.814,2957.002,9267708.6
2016/4/21,2993.831,2954.593,3043.304,2948.817,5787676.6
2016/4/22,2930.341,3004.452,3004.452,2917.537,4838282.8
2016/4/25,2989.299,2980.225,2994.288,2932.984,4692549.4
2016/4/26,2978.569,3041.985,3041.985,2976.093,5049998.8
2016/4/27,3043.538,3030.27,3072.081,3022.439,5389236.2
2016/4/28,3025.988,3041.617,3044.648,2954.965,5363906.3
2016/4/29,3016.811,3034.211,3055.37,3012.788,3099200.8
2016/5/3,3031.716,3157.774,3157.968,3013.746,5404004.7
2016/5/4,3141.393,3185.076,3218.101,3134.946,6876358.8
2016/5/5,3186.53,3220.974,3222.103,3173.928,7478267.7
2016/5/6,3226.772,3076.373,3241.67,3076.373,9035157.3
2016/5/9,3045.8,2944.755,3045.8,2921.552,6683429.7
2016/5/10,2935.415,2948.378,2970.267,2918.242,5014686.6
2016/5/11,2963.841,2879.996,2973.606,2879.325,4664676.6
2016/5/12,2831.158,2884.669,2884.721,2757.581,5646494.8
2016/5/13,2865.507,2878.544,2910.066,2855.856,4824247.8
2016/5/16,2858.413,2964.636,2964.639,2847.254,6257250.8
2016/5/17,2963.151,2959.748,3001.179,2937.131,6956175.1
2016/5/18,2930.855,2832.074,2930.855,2787.223,5779441.7
2016/5/19,2831.664,2883.017,2935.048,2830.295,5835346.8
2016/5/20,2861.138,2965.395,2965.395,2828.739,6607051
2016/5/23,2976.34,3039.347,3047.136,2976.34,6884178.8
2016/5/24,3028.753,2996.205,3028.753,2969.263,6740420.9
2016/5/25,3011.143,3005.704,3054.144,2981.644,6049989
2016/5/26,2999.498,3037.336,3037.336,2902.732,6375059.2
2016/5/27,3042.867,3083.563,3118.959,3037.546,8263134.5
2016/5/30,3074.298,3108.486,3149.245,3036.091,9661157
2016/5/31,3107.258,3263.474,3263.97,3104.862,12779911
2016/6/1,3258.731,3333.184,3360.095,3251.018,13819497
2016/6/2,3323.68,3425.789,3425.789,3317.918,13362292.7
2016/6/3,3427.113,3421.249,3459.807,3411.129,11699718.9
2016/6/6,3428.57,3435.481,3448.208,3392.168,9707726.6
2016/6/7,3426.481,3448.365,3448.88,3400.303,9052059
2016/6/8,3439.399,3420.088,3455.676,3384.432,8711775.4
2016/6/13,3368.945,3181.116,3389.191,3180.364,9982848.3
2016/6/14,3164.977,3199.394,3201.112,3139.72,7473035.6
2016/6/15,3174.887,3380.8,3406.779,3157.29,10746218.9
2016/6/16,3375.526,3425.562,3465.861,3375.526,12580828.1
2016/6/17,3434.537,3474.136,3498.252,3417.341,11283913
2016/6/20,3476.83,3590.839,3600.907,3442.16,12133151.9
2016/6/21,3618.686,3555.004,3658.259,3520.708,12029573.3
2016/6/22,3541.074,3658.389,3658.389,3523.227,11016340.4
2016/6/23,3646.518,3625.09,3682.728,3596.943,10942538.1
2016/6/24,3611.647,3636.113,3703.288,3442.652,13987290
2016/6/27,3613.48,3788.756,3788.756,3603.982,13063770.1
2016/6/28,3764.013,3800.818,3810.406,3739.27,11974475.5
2016/6/29,3810.359,3788.252,3827.036,3752.959,9723608.8
2016/6/30,3783.043,3749.107,3788.173,3727.956,9438612.8
2016/7/1,3747.935,3703.649,3766.759,3679.983,7717151.2
2016/7/4,3670.856,3769.157,3776.873,3665.224,7612801.5
2016/7/5,3778.344,3781.564,3791.85,3726.047,9091289.4
2016/7/6,3764.468,3754.463,3777.467,3734.531,7694247.7
2016/7/7,3745.345,3772.852,3790.322,3692.936,10717528.4
2016/7/8,3763.766,3749.599,3795.104,3743.901,7851179.6
2016/7/11,3743.137,3683.122,3760.848,3679.997,8263365.4
2016/7/12,3679.899,3701.614,3702.151,3583.524,9381468.2
2016/7/13,3714.985,3729.867,3736.213,3682.199,8818058.3
2016/7/14,3714.262,3734.054,3740.904,3706.346,8944669.8
2016/7/15,3731.539,3711.497,3738.169,3688.178,9007266.7
2016/7/18,3706.672,3690.564,3726.417,3665.474,7662834.2
2016/7/19,3690.187,3728.355,3728.355,3661.999,6440515
2016/7/20,3725.745,3741.255,3767.652,3709.788,7172549.4
2016/7/21,3730.779,3736.167,3771.858,3714.468,7661324.7
2016/7/22,3732.879,3717.411,3753.652,3707.697,8141337.4
2016/7/25,3702.987,3725.292,3747.002,3696.742,8047171
2016/7/26,3720.747,3785.493,3785.493,3717.394,7142910.4
2016/7/27,3788.219,3569.644,3802.225,3536.786,12613279.4
2016/7/28,3556.793,3517.027,3577.497,3443.064,8108659.6
2016/7/29,3509.027,3470.961,3518.958,3446.617,5448575.7
2016/8/1,3445.345,3404.804,3445.345,3345.659,5777536.4
2016/8/2,3401.603,3451.382,3452.063,3401.467,4320311.7
2016/8/3,3438.75,3457.249,3460.977,3426.67,4664801.9
2016/8/4,3456.191,3505.789,3519.618,3449.712,5600817.5
2016/8/5,3496.659,3459.442,3510.697,3459.442,5001046.7
2016/8/8,3445.812,3496.804,3497.012,3413.501,4305763.6
2016/8/9,3497.232,3541.353,3541.353,3496.524,4889434.2
2016/8/10,3540.786,3529.062,3560.449,3529.062,4936295
2016/8/11,3513.464,3454.68,3529.876,3454.68,5009020.4
2016/8/12,3439.825,3474.731,3475.34,3426.162,3730248.3
2016/8/15,3471.626,3563.848,3573.863,3450.749,6485045.3
2016/8/16,3565.665,3578.872,3592.778,3564.896,6246068.3
2016/8/17,3568.486,3617.257,3626.38,3563.574,6142977
2016/8/18,3611.252,3601.582,3617.895,3584.844,5863792.1
2016/8/19,3600.847,3622.291,3634.758,3599.227,5721662.6
2016/8/22,3617.763,3566.633,3629.187,3565.797,5678531.3
2016/8/23,3555.727,3566.564,3588.719,3542.558,4597969.1
2016/8/24,3578.21,3598.8,3616.839,3573.903,3927598.9
2016/8/25,3577.701,3591.108,3593.931,3536.139,5109661.7
2016/8/26,3596.389,3629.781,3674.532,3595.333,6101419.8
2016/8/29,3620.225,3635.295,3645.277,3611.423,4794299.6
2016/8/30,3641.995,3644.663,3672.347,3634.666,4801114
2016/8/31,3646.378,3651.462,3656.929,3606.184,4581071.4
2016/9/1,3658.837,3637.063,3676.264,3637.063,4809385.7
2016/9/2,3634.475,3618.26,3648.66,3589.438,4629763.1
2016/9/5,3633.513,3645.704,3664.751,3633.347,4629064.6
2016/9/6,3659.143,3751.567,3751.842,3632.703,8780750.8
2016/9/7,3755.602,3729.907,3776.908,3724.457,7538481.3
2016/9/8,3729.274,3753.764,3753.764,3723.221,5685051.4
2016/9/9,3756.796,3720.846,3773.399,3720.846,6972483.4
2016/9/12,3651.009,3580.885,3659.667,3579.883,7254848.9
2016/9/13,3612.13,3641.691,3645.479,3608.912,8175955
2016/9/14,3616.556,3629.645,3656.748,3609.756,6749439.6
2016/9/19,3639.423,3684.235,3684.38,3639.275,5448203.4
2016/9/20,3692.34,3690.737,3697.021,3677.878,5032484.2
2016/9/21,3700.239,3711,3728.585,3698.046,5088662.4
2016/9/22,3742.657,3745.272,3758.588,3735.231,5665623.6
2016/9/23,3759.739,3737.121,3768.625,3736.386,5468212.7
2016/9/26,3726.291,3616.487,3730.843,3616.487,5486350.9
2016/9/27,3601.454,3635.208,3635.349,3558.694,4669945.1
2016/9/28,3630.105,3642.269,3653.035,3614.795,4923789.3
2016/9/29,3642.997,3650.534,3667.975,3642.269,4297297.8
2016/9/30,3643.591,3662.96,3671.384,3642.461,3959177.8
2016/10/10,3693.231,3782.455,3782.455,3683.141,5971167.2
2016/10/11,3781,3804.786,3808.35,3777.872,5767468.5
2016/10/12,3788.396,3811.737,3812.615,3779.762,5392339.6
2016/10/13,3808.149,3817.308,3831.455,3807.632,5378579.9
2016/10/14,3818.58,3813.197,3826.117,3787.357,5569634.1
2016/10/17,3816.263,3749.179,3820.53,3740.673,5350644.2
2016/10/18,3747.377,3841.827,3841.827,3747.377,5743498
2016/10/19,3845.518,3839.98,3850.323,3826.681,5783463.3
2016/10/20,3839.66,3884.731,3889.974,3839.66,6333767.9
2016/10/21,3881.145,3857.986,3881.145,3814.208,6428188.1
2016/10/24,3853.819,3876.386,3879.353,3840.254,6205673.7
2016/10/25,3876.386,3895.987,3897.962,3872.802,5896383.9
2016/10/26,3899.577,3872.244,3901.574,3859.012,6649951.6
2016/10/27,3861.169,3871.513,3877.212,3852.737,5885648.7
2016/10/28,3863.398,3818.554,3877.722,3817.969,6624205.5
2016/10/31,3804.216,3816.825,3821.076,3776.982,5465539.4
2016/11/1,3818.471,3869.612,3874.077,3818.471,5703051.2
2016/11/2,3857.711,3859.828,3882.608,3848.147,6085056.7
2016/11/3,3851.036,3873.766,3918.297,3850.178,6120225.1
2016/11/4,3869.462,3852.173,3895,3844.928,6119327.7
2016/11/7,3849.177,3871.434,3879.78,3834.91,5410176.1
2016/11/8,3882.602,3894.882,3905.693,3878.885,5501432.3
2016/11/9,3890.831,3866.001,3894.809,3793.395,7230144.2
2016/11/10,3900.365,3933.584,3935.804,3900.007,6489958.7
2016/11/11,3942.222,3957.408,3957.779,3929.576,6788431.6
2016/11/14,3958.752,3966.294,3991.307,3940.234,8872260.4
2016/11/15,3961.718,3985.244,3985.391,3949.254,8139326.3
2016/11/16,3985.869,3976.522,3999.907,3974.792,6668685.1
2016/11/17,3964.439,3935.256,3964.439,3920.325,5185661.8
2016/11/18,3936.164,3951.294,3968.223,3936.164,5407188.1
2016/11/21,3953.346,3976.12,3976.12,3946.523,5634130.1
2016/11/22,3983.772,4000.877,4000.877,3969.218,6536541.1
2016/11/23,4001.254,3966.001,4008.426,3959.132,6340130.5
2016/11/24,3968.545,3930.821,3978.119,3919.951,6007199
2016/11/25,3930.093,3942.613,3942.686,3847.764,4985058.3
2016/11/28,3953.9,3913.627,3956.631,3912.897,4855711.6
2016/11/29,3917.014,3856.734,3925.585,3855.792,4876704.8
2016/11/30,3851.844,3871.078,3894.151,3840.766,4206930.9
2016/12/1,3874.304,3874.677,3882.759,3862.045,3670828.6
2016/12/2,3884.117,3788.55,3886.029,3788.279,4646717.9
2016/12/5,3748.838,3771.975,3800.186,3731.857,4180555.1
2016/12/6,3779.591,3785.348,3799.75,3772.249,3840430.6
2016/12/7,3783.035,3839.788,3840.132,3777.227,4216435.3
2016/12/8,3850.438,3808.232,3850.438,3806.626,4455368.1
2016/12/9,3800.762,3773.335,3802.624,3765.995,3650866.8
2016/12/12,3767.342,3521.276,3770.934,3516.062,6573672.7
2016/12/13,3509.995,3530.687,3549.126,3473.003,4957939.1
2016/12/14,3518.541,3487.099,3532.677,3469.125,4068075.8
2016/12/15,3472.828,3541.815,3575.545,3472.828,4612531
2016/12/16,3545.357,3588.76,3595.007,3544.004,4074654.5
2016/12/19,3583.302,3567.958,3583.834,3558.588,3177294.6
2016/12/20,3571.106,3588.263,3592.415,3566.012,3135784.3
2016/12/21,3597.648,3613.25,3626.56,3596.744,3442207.4
2016/12/22,3610.707,3598.731,3611.673,3582.964,2714384.4
2016/12/23,3600.021,3554.08,3606.595,3549.682,3516741.8
2016/12/26,3538.455,3583.697,3584.816,3487.606,3389005.5
2016/12/27,3580.32,3588.674,3603.076,3578.321,3224246.7
2016/12/28,3585.898,3580.142,3597.883,3576.147,2853325
2016/12/29,3574.557,3560.147,3599.124,3557.783,2592999.6
2016/12/30,3567.267,3564.983,3579.358,3555.445,2229640.9
2017/1/3,3573.04,3607.694,3611.602,3573.04,2809160.4
2017/1/4,3604.602,3662.156,3662.503,3602.629,4261847.6
2017/1/5,3658.207,3665.058,3674.524,3653.45,4398681.6
2017/1/6,3659.854,3605.656,3662.154,3604.688,3548964.6
2017/1/9,3596.253,3618.99,3618.99,3586.811,3190745.5
2017/1/10,3615.649,3593.725,3626.501,3591.335,2795073.7
2017/1/11,3590.413,3535.141,3598.81,3535.141,2794938.6
2017/1/12,3532.183,3494.72,3547.014,3491.852,3269157.6
2017/1/13,3490.688,3436.475,3500.48,3429.421,3618118.9
2017/1/16,3417.442,3270.681,3419.552,3168.171,4942552.2
2017/1/17,3256.7,3322.086,3330.047,3211.253,3207169.1
2017/1/18,3314.867,3282.284,3316.131,3282.158,2414851.4
2017/1/19,3270.056,3274.605,3303.959,3256.212,2241562.9
2017/1/20,3268.256,3361.413,3365.676,3264.781,2880032.3
2017/1/23,3367.598,3390.778,3409.868,3367.565,2783945.1
2017/1/24,3389.365,3366.403,3392.332,3358.022,2335626.3
2017/1/25,3353.973,3391.175,3394.223,3352.175,1928761.8
2017/1/26,3396.852,3410.946,3415.297,3396.852,1918537
2017/2/3,3412.551,3390.094,3412.877,3375.099,1613902.9
2017/2/6,3393.1,3442.8,3442.8,3387.28,2650552.3
2017/2/7,3437.952,3436.434,3456.246,3417.986,3250189.8
2017/2/8,3425.564,3467.489,3467.489,3406.142,3530863.7
2017/2/9,3463.421,3506.338,3509.548,3461.581,4291845.3
2017/2/10,3507.215,3485.69,3514.195,3483.027,4103027.2
2017/2/13,3485.143,3504.5,3510.55,3469.511,3176999.9
2017/2/14,3505.118,3495.375,3507.608,3486.052,3388605.8
2017/2/15,3496.424,3468.577,3510.198,3458.22,4235977.3
2017/2/16,3464.723,3487.307,3493.298,3460.694,3645445.4
2017/2/17,3482.325,3453.532,3500.869,3450.432,3861356.7
2017/2/20,3445.905,3481.957,3481.957,3431.35,4247826.9
2017/2/21,3481.539,3524.343,3524.477,3476.399,4150660.8
2017/2/22,3522.88,3547.75,3547.75,3515.964,4542460.6
2017/2/23,3544.273,3565.489,3565.625,3530.489,4766422.3
2017/2/24,3557.869,3586.402,3590.105,3550.541,4253601.8
2017/2/27,3582.183,3554.4,3590.954,3549.848,4016395.4
2017/2/28,3549.547,3574.855,3574.922,3544.475,3390694.2
2017/3/1,3582.534,3580.879,3598.29,3578.165,4184220.2
2017/3/2,3583.311,3571.894,3590.385,3565.188,4337426.7
2017/3/3,3563.516,3628.655,3630.928,3553.255,5599006.4
2017/3/6,3636.584,3698.721,3698.721,3636.114,6580473.7
2017/3/7,3697.242,3710.893,3710.893,3683.321,5745770.6
2017/3/8,3706.902,3678.035,3707.317,3667.644,4335100.4
2017/3/9,3678.837,3664.768,3679.086,3650.712,3989924.4
2017/3/10,3660.304,3659.991,3677.202,3653.577,3659753.3
2017/3/13,3660.971,3730.903,3730.903,3645.024,5138365.7
2017/3/14,3735.234,3718.911,3750.623,3712.448,4459912.2
2017/3/15,3716.562,3722.369,3730.329,3706.254,4220676.6
2017/3/16,3723.034,3780.425,3780.425,3723.034,5465882.5
2017/3/17,3785.399,3720.601,3796.475,3720.601,6349612.9
2017/3/20,3707.342,3722.86,3723.059,3684.524,4635646.4
2017/3/21,3719.536,3735.292,3739.879,3714.417,3589114.7
2017/3/22,3718.925,3734.133,3734.133,3692.803,5378852
2017/3/23,3743.436,3742.78,3759.682,3691.158,5211348.1
2017/3/24,3749.789,3765.434,3775.94,3746.26,5234246.6
2017/3/27,3781.751,3767.966,3791.143,3759.007,4493946.7
2017/3/28,3757.806,3756.662,3778.193,3755.249,4304601
2017/3/29,3752.693,3684.145,3758.138,3684.145,5216166.4
2017/3/30,3675.872,3585.753,3675.872,3583.403,6083857.4
2017/3/31,3582.545,3592.368,3612.832,3563.187,4681556.4
2017/4/5,3589.085,3685.77,3685.77,3589.085,6043367.9
2017/4/6,3683.559,3696.213,3702.602,3676.187,4522727.6
2017/4/7,3687.992,3673.789,3697.014,3670.093,4887278.7
2017/4/10,3654.09,3563.453,3654.09,3561.738,6037541
2017/4/11,3538.877,3595.999,3597.781,3512.02,5813212.6
2017/4/12,3578.491,3531.212,3578.491,3531.212,4710955.2
2017/4/13,3519.827,3534.743,3557.841,3519.827,3807647
2017/4/14,3526.895,3471.517,3532.006,3471.289,4440003.9
2017/4/17,3441.613,3411.989,3441.979,3389.51,3826197.5
2017/4/18,3408.76,3346.776,3420.739,3346.776,3734673.1
2017/4/19,3334.302,3324.543,3334.302,3285.788,4415420.3
2017/4/20,3318.752,3303.149,3341.81,3269.849,3788816
2017/4/21,3303.753,3276.516,3319.193,3273.446,2872303.8
2017/4/24,3272.967,3182.591,3272.967,3175.496,3770178
2017/4/25,3189.557,3194.14,3223.411,3187.984,3272414.7
2017/4/26,3196.55,3240.062,3245.613,3196.55,3666288
2017/4/27,3232.923,3290.416,3299.552,3174.252,4527356.5
2017/4/28,3282.587,3306.706,3311.453,3277.2,3203137.7
2017/5/2,3296.406,3305.893,3313.916,3293.262,3505048.7
2017/5/3,3301.311,3300.419,3319.442,3276.519,3239388.6
2017/5/4,3290.632,3291.708,3321.141,3272.609,3705748.9
2017/5/5,3277.786,3232.139,3285.709,3230.811,3491830.8
2017/5/8,3215.65,3177.193,3245.485,3176.776,3112249.5
2017/5/9,3169.197,3233.358,3233.768,3161.768,2912537.4
2017/5/10,3234.18,3174.636,3263.866,3174.636,4404097.8
2017/5/11,3147.122,3164.19,3171.615,3079.653,4648951.6
2017/5/12,3159.149,3159.086,3178.531,3132.497,3307034.3
2017/5/15,3171.24,3171.519,3182.779,3163.519,3023214.4
2017/5/16,3163.133,3270.041,3270.041,3132.745,4377005.3
2017/5/17,3264.787,3263.184,3296.623,3258.754,3909979.6
2017/5/18,3232.836,3240.763,3277.184,3223.605,3228263.9
2017/5/19,3244.582,3228.479,3255.242,3215.36,3687277.7
2017/5/22,3218.284,3137.979,3232.579,3126.603,3925898.5
2017/5/23,3123.806,3019.881,3132.849,3013.605,4178150.4
2017/5/24,2997.484,3050.847,3051.086,2959.244,3426615.3
2017/5/25,3045.345,3069.83,3083.147,2996.949,3413726.9
2017/5/26,3070.584,3070.454,3090.661,3058.454,3206564.6
2017/5/31,3121.892,3058.571,3135.887,3058.411,3205389.2
2017/6/1,3046.488,2936.942,3047.625,2936.815,3736750.6
2017/6/2,2920.528,2992.434,3003.426,2896.425,3503824.4
2017/6/5,3003.961,3025.633,3041.561,3000.438,2779552.9
2017/6/6,3020.077,3056.14,3059.683,3015.201,3005105.9
2017/6/7,3055.673,3139.902,3144.178,3055.373,4523623.2
2017/6/8,3143.301,3143.174,3167.138,3126.178,3680510
2017/6/9,3135.619,3142.055,3144.38,3110.29,3226865.2
2017/6/12,3127.292,3064.814,3127.292,3061.202,3398025.6
2017/6/13,3061.312,3126.907,3135.204,3060.862,3476528.9
2017/6/14,3131.008,3131.155,3145.572,3119.242,2992114
2017/6/15,3129.224,3194.488,3203.152,3129.2,4627168.4
2017/6/16,3195.479,3179.624,3202.442,3178.98,4147470.2
2017/6/19,3173.572,3201.209,3202.708,3173.572,3274276.6
2017/6/20,3202.116,3203.146,3230.506,3197.658,4116527.2
2017/6/21,3207.562,3202.158,3213.248,3175.735,3781786.9
2017/6/22,3192.646,3123.015,3201.785,3123.015,4604312.1
2017/6/23,3122.313,3129.379,3138.488,3071.988,3983881.5
2017/6/26,3125.867,3181.007,3181.076,3120.493,4508220.2
2017/6/27,3188.917,3192.513,3210.95,3182.516,4545558.5
2017/6/28,3180.108,3151.64,3180.98,3144.089,3832240.4
2017/6/29,3153.012,3166.987,3181.753,3151.298,3578494.7
2017/6/30,3153.982,3176.77,3179.633,3145.401,3322623
2017/7/3,3181.529,3225.687,3225.7,3178.924,3335832.6
2017/7/4,3223.596,3232.391,3232.465,3213.163,3826135.9
2017/7/5,3233.07,3266.653,3266.653,3230.149,4534703
2017/7/6,3269.127,3287.923,3290.912,3249.426,5830790.5
2017/7/7,3287.3,3317.844,3317.844,3283.166,5160814.4
2017/7/10,3305.371,3271.895,3305.371,3264.364,6178169.4
2017/7/11,3263.056,3204.049,3267.497,3203.961,4688334.9
2017/7/12,3198.794,3204.843,3212.57,3146.922,4644822.3
2017/7/13,3193.778,3183.448,3195.423,3175.786,4782129
2017/7/14,3171.386,3153.135,3171.943,3145.655,4400256.1
2017/7/17,3122.21,2947.088,3122.21,2946.245,6077011
2017/7/18,2933.443,2987.741,2990.472,2927.77,5235808.9
2017/7/19,2974.699,3018.981,3019.117,2960.074,5394893.7
2017/7/20,3014.808,3046.476,3067.263,3014.808,5133063.8
2017/7/21,3042.02,3039.518,3060.487,3034.479,4560271.6
2017/7/24,3029.146,3057.627,3058.181,3015.159,5328703.7
2017/7/25,3052.745,3049,3065.071,3032.905,4730817.3
2017/7/26,3046.367,3057.427,3061.163,3030.695,5103406
2017/7/27,3049.914,3142.057,3142.641,3041.422,6876784.1
2017/7/28,3135.961,3125.454,3144.212,3125.4,4806838.6
2017/7/31,3117.551,3136.052,3142.412,3109.706,5221387.2
2017/8/1,3137.395,3131.886,3140.958,3099.452,5328598.9
2017/8/2,3125.16,3089.385,3133.227,3087.658,5199408.5
2017/8/3,3080.627,3112.28,3137.993,3074.597,4963834.5
2017/8/4,3106.815,3071.828,3112.937,3071.828,4849168.3
2017/8/7,3067.581,3093.744,3100.716,3067.581,3967898.1
2017/8/8,3088.006,3113.113,3113.113,3073.141,4131695.4
2017/8/9,3106.424,3115.236,3122.452,3102.638,4198226.4
2017/8/10,3106.08,3090.288,3115.84,3065.642,6271010.8
2017/8/11,3063.475,3060.341,3092.367,3055.951,5351181.7
2017/8/14,3057.537,3147.144,3147.144,3057.537,6089535.8
2017/8/15,3146.873,3178.87,3178.87,3146.873,5584285.8
2017/8/16,3176.067,3221.287,3231.236,3171.407,5771107.6
2017/8/17,3215.597,3249.173,3260.535,3211.22,7103236.2
2017/8/18,3220.704,3223.947,3241.308,3216.761,5504553.4
2017/8/21,3226.288,3264.475,3264.475,3226.288,5110241
2017/8/22,3261.594,3233.545,3262.973,3230.432,4997289.9
2017/8/23,3227.756,3237.466,3248.093,3208.796,4451962.8
2017/8/24,3233.837,3208.648,3251.469,3204.016,4608274.6
2017/8/25,3201.626,3251.562,3253.614,3201.626,4637868.7
