nav_date,close
2016-11-16,351.4069
2016-11-17,351.2344
2016-11-18,350.581
2016-11-21,350.952
2016-11-22,351.8469
2016-11-23,351.9064
2016-11-24,352.259
2016-11-25,352.0815
2016-11-28,352.0453
2016-11-29,352.272
2016-11-30,352.5067
2016-12-01,353.0832
2016-12-02,353.065
1999-01-04,96.49
1999-01-05,96.17
1999-01-06,96.49
1999-01-07,97.71
1999-01-08,99.3
1999-01-11,102.84
1999-01-12,129.55
1999-01-13,101.37
1999-01-14,101.56
1999-01-15,102.99
1999-01-19,102.18
1999-01-20,102.14
1999-01-21,102.24
1999-01-22,102.45
1999-01-25,102.71
1999-01-26,104.21
1999-01-27,104.43
1999-01-28,105.81
1999-01-29,106.21
1999-02-01,106.38
1999-02-02,106.35
1999-02-03,106.18
1999-02-04,106.4
1999-02-05,106.47
1999-02-08,106.53
1999-02-09,106.49
1999-02-10,106.14
1999-02-11,106.41
1999-02-12,107.25
1999-02-15,107.46
1999-02-16,107.89
1999-02-17,107.74
1999-02-18,107.76
1999-02-19,108.22
1999-02-22,108.01
1999-02-23,107.68
1999-02-24,107.42
1999-02-25,107.07
1999-02-26,107.02
1999-03-01,107.31
1999-03-02,107.55
1999-03-03,107.65
1999-03-04,107.69
1999-03-05,107.73
1999-03-08,107.66
1999-03-09,107.86
1999-03-10,107.9
1999-03-11,108.48
1999-03-12,108.32
1999-03-15,108.01
1999-03-16,109.0
1999-03-17,109.06
1999-03-18,109.22
1999-03-19,109.64
1999-03-22,109.75
1999-03-23,109.83
1999-03-24,110.1
1999-03-25,110.02
1999-03-26,110.31
1999-03-29,110.43
1999-03-30,110.74
1999-03-31,110.88
1999-04-01,110.54
1999-04-05,110.63
1999-04-06,110.58
1999-04-07,110.77
1999-04-08,111.08
1999-04-09,111.3
1999-04-12,111.36
1999-04-13,111.71
1999-04-14,111.68
1999-04-15,111.95
1999-04-16,112.21
1999-04-19,112.86
1999-04-20,112.74
1999-04-21,112.66
1999-04-22,113.0
1999-04-23,113.01
1999-04-26,113.11
1999-04-27,113.3
1999-04-28,113.31
1999-04-29,113.76
1999-04-30,114.15
1999-05-03,131.62
1999-05-04,117.0
1999-05-05,116.85
1999-05-06,116.99
1999-05-07,113.74
1999-05-10,113.64
1999-05-11,135.0
1999-05-12,135.53
1999-05-13,137.81
1999-05-14,136.34
1999-05-17,113.82
1999-05-18,113.91
1999-05-19,136.47
1999-05-20,112.9
1999-05-21,136.95
1999-05-24,112.74
1999-05-25,111.38
1999-05-26,111.93
1999-05-27,111.83
1999-05-28,112.27
1999-06-01,114.95
1999-06-02,114.37
1999-06-03,114.23
1999-06-04,114.59
1999-06-07,114.65
1999-06-08,112.24
1999-06-09,112.11
1999-06-10,112.01
1999-06-11,112.22
1999-06-14,112.6
1999-06-15,111.8
1999-06-16,112.22
1999-06-17,112.32
1999-06-18,112.03
1999-06-21,112.36
1999-06-22,112.49
1999-06-23,112.09
1999-06-24,112.06
1999-06-25,111.71
1999-06-28,112.03
1999-06-29,112.3
1999-06-30,112.24
1999-07-01,113.75
1999-07-02,113.01
1999-07-05,112.99
1999-07-06,112.68
1999-07-07,112.63
1999-07-08,112.83
1999-07-09,112.63
1999-07-12,113.1
1999-07-13,112.91
1999-07-14,113.49
1999-07-15,113.53
1999-07-16,113.6
1999-07-19,113.74
1999-07-20,112.87
1999-07-21,112.6
1999-07-22,112.84
1999-07-23,112.76
1999-07-26,111.64
1999-07-27,111.67
1999-07-28,111.73
1999-07-29,111.6
1999-07-30,111.93
1999-08-02,112.02
1999-08-03,111.88
1999-08-04,111.6
1999-08-05,111.03
1999-08-06,110.97
1999-08-09,110.95
1999-08-10,111.1
1999-08-11,111.33
1999-08-12,111.39
1999-08-13,109.83
1999-08-16,109.74
1999-08-17,109.93
1999-08-18,110.14
1999-08-19,110.24
1999-08-20,110.12
1999-08-23,110.3
1999-08-24,110.41
1999-08-25,110.48
1999-08-26,110.64
1999-08-27,110.6
1999-08-30,110.67
1999-08-31,111.53
1999-09-01,111.34
1999-09-02,111.08
1999-09-03,111.39
1999-09-06,111.57
1999-09-07,111.66
1999-09-08,112.01
1999-09-09,113.0
1999-09-10,112.74
1999-09-13,112.79
1999-09-14,112.16
1999-09-15,112.53
1999-09-16,112.75
1999-09-17,112.75
1999-09-20,127.78
1999-09-21,112.72
1999-09-22,112.83
1999-09-23,113.22
1999-09-24,113.11
1999-09-27,113.38
1999-09-28,112.6
1999-09-29,111.96
1999-09-30,111.74
1999-10-01,112.45
1999-10-04,111.84
1999-10-05,111.96
1999-10-06,112.01
1999-10-07,111.82
1999-10-08,112.4
1999-10-11,112.39
1999-10-12,112.11
1999-10-13,111.95
1999-10-14,112.0
1999-10-15,111.41
1999-10-18,111.62
1999-10-19,111.95
1999-10-20,111.82
1999-10-21,111.97
1999-10-22,112.15
1999-10-25,112.28
1999-10-26,112.49
1999-10-27,112.54
1999-10-28,112.26
1999-10-29,112.77
1999-11-01,112.97
1999-11-02,113.16
1999-11-03,113.24
1999-11-04,113.37
1999-11-05,113.38
1999-11-08,113.45
1999-11-09,113.47
1999-11-10,114.52
1999-11-11,115.08
1999-11-12,115.08
1999-11-15,115.39
1999-11-16,115.38
1999-11-17,115.21
1999-11-18,115.35
1999-11-19,115.48
1999-11-22,115.36
1999-11-23,115.64
1999-11-24,115.72
1999-11-25,115.83
1999-11-26,115.94
1999-11-29,116.82
1999-11-30,115.83
1999-12-01,115.94
1999-12-02,116.19
1999-12-03,116.36
1999-12-06,116.17
1999-12-07,116.44
1999-12-08,116.44
1999-12-09,116.69
1999-12-10,116.78
1999-12-13,117.08
1999-12-14,117.14
1999-12-15,116.29
1999-12-16,116.88
1999-12-17,117.13
1999-12-20,117.97
1999-12-21,118.13
1999-12-22,117.29
1999-12-23,117.21
1999-12-24,117.21
1999-12-27,117.47
1999-12-28,117.62
1999-12-29,117.81
1999-12-30,118.23
1999-12-31,117.7
2000-01-03,117.59
2000-01-04,117.05
2000-01-05,116.19
2000-01-06,116.18
2000-01-07,116.02
2000-01-10,116.31
2000-01-11,116.46
2000-01-12,116.54
2000-01-13,116.78
2000-01-14,117.04
2000-01-17,117.21
2000-01-18,117.27
2000-01-19,117.39
2000-01-20,117.63
2000-01-21,117.86
2000-01-24,118.19
2000-01-25,117.99
2000-01-26,118.62
2000-01-27,119.07
2000-01-28,119.04
2000-01-31,118.94
2000-02-01,120.51
2000-02-02,119.48
2000-02-03,118.45
2000-02-04,118.3
2000-02-07,118.52
2000-02-08,118.79
2000-02-09,118.63
2000-02-10,118.57
2000-02-11,118.33
2000-02-14,118.52
2000-02-15,118.61
2000-02-16,118.74
2000-02-17,118.78
2000-02-18,118.6
2000-02-21,118.64
2000-02-22,118.31
2000-02-23,118.22
2000-02-24,118.47
2000-02-25,119.1
2000-02-28,119.88
2000-02-29,119.96
2000-03-01,119.95
2000-03-02,120.32
2000-03-03,120.83
2000-03-06,121.32
2000-03-07,121.39
2000-03-08,121.43
2000-03-09,120.95
2000-03-10,121.62
2000-03-13,121.47
2000-03-14,121.45
2000-03-15,121.04
2000-03-16,121.01
2000-03-17,121.07
2000-03-20,120.9
2000-03-21,121.14
2000-03-22,121.35
2000-03-23,121.37
2000-03-24,121.52
2000-03-27,121.05
2000-03-28,121.07
2000-03-29,121.35
2000-03-30,120.21
2000-03-31,120.19
2000-04-03,121.11
2000-04-04,120.06
2000-04-05,119.53
2000-04-06,119.86
2000-04-07,119.91
2000-04-10,120.18
2000-04-11,120.21
2000-04-12,120.43
2000-04-13,120.42
2000-04-14,120.06
2000-04-17,120.16
2000-04-18,120.2
2000-04-19,120.84
2000-04-20,120.94
2000-04-25,121.4
2000-04-26,121.61
2000-04-27,122.05
2000-04-28,121.7
2000-05-01,121.94
2000-05-02,122.28
2000-05-03,122.67
2000-05-04,122.15
2000-05-05,121.74
2000-05-08,121.87
2000-05-09,121.61
2000-05-10,120.71
2000-05-11,120.61
2000-05-12,120.65
2000-05-15,120.27
2000-05-16,120.1
2000-05-17,119.26
2000-05-18,118.49
2000-05-19,117.91
2000-05-22,117.61
2000-05-23,117.02
2000-05-24,116.96
2000-05-25,116.22
2000-05-26,115.69
2000-05-30,115.25
2000-05-31,115.59
2000-06-01,116.32
2000-06-02,116.53
2000-06-05,116.72
2000-06-06,116.45
2000-06-07,116.39
2000-06-08,116.33
2000-06-09,116.44
2000-06-12,116.11
2000-06-13,115.91
2000-06-14,115.8
2000-06-15,116.34
2000-06-16,116.27
2000-06-19,116.31
2000-06-20,116.42
2000-06-21,116.39
2000-06-22,116.99
2000-06-23,116.91
2000-06-26,117.01
2000-06-27,116.77
2000-06-28,116.99
2000-06-29,116.83
2000-06-30,115.37
2000-07-03,115.73
2000-07-04,115.86
2000-07-05,115.58
2000-07-06,115.66
2000-07-07,115.99
2000-07-10,115.87
2000-07-11,115.99
2000-07-12,116.15
2000-07-13,116.18
2000-07-14,116.17
2000-07-17,116.12
2000-07-18,116.26
2000-07-19,116.58
2000-07-20,116.85
2000-07-21,116.83
2000-07-24,116.92
2000-07-25,116.7
2000-07-26,116.67
2000-07-27,116.78
2000-07-28,116.4
2000-07-31,115.91
2000-08-01,116.07
2000-08-02,116.27
2000-08-03,116.24
2000-08-04,116.33
2000-08-07,116.49
2000-08-08,117.02
2000-08-09,117.14
2000-08-10,116.74
2000-08-11,117.02
2000-08-14,116.97
2000-08-15,116.12
2000-08-16,116.03
2000-08-17,115.62
2000-08-18,115.77
2000-08-21,115.99
2000-08-22,115.94
2000-08-23,115.88
2000-08-24,115.38
2000-08-25,114.91
2000-08-28,115.2
2000-08-29,115.13
2000-08-30,115.3
2000-08-31,116.13
2000-09-01,116.37
2000-09-04,120.46
2000-09-05,120.69
2000-09-06,121.26
2000-09-07,122.84
2000-09-08,117.45
2000-09-11,117.88
2000-09-12,117.18
2000-09-13,117.19
2000-09-14,117.29
2000-09-15,117.14
2000-09-18,117.06
2000-09-19,116.95
2000-09-20,117.33
2000-09-21,115.22
2000-09-22,115.08
2000-09-25,115.19
2000-09-26,115.22
2000-09-27,115.01
2000-09-28,113.76
2000-09-29,113.33
2000-10-02,113.31
2000-10-03,112.72
2000-10-04,112.71
2000-10-05,112.83
2000-10-06,112.27
2000-10-09,112.34
2000-10-10,112.46
2000-10-11,111.75
2000-10-12,112.01
2000-10-13,109.83
2000-10-16,109.87
2000-10-17,107.44
2000-10-18,107.25
2000-10-19,107.72
2000-10-20,108.26
2000-10-23,108.67
2000-10-24,109.04
2000-10-25,109.28
2000-10-26,109.12
2000-10-27,109.08
2000-10-30,109.69
2000-10-31,109.17
2000-11-01,108.7
2000-11-02,108.26
2000-11-03,108.17
2000-11-06,108.13
2000-11-07,107.94
2000-11-08,107.81
2000-11-09,107.62
2000-11-10,107.52
2000-11-13,107.72
2000-11-14,107.54
2000-11-15,106.65
2000-11-16,106.73
2000-11-17,106.65
2000-11-20,105.92
2000-11-21,105.13
2000-11-22,104.9
2000-11-23,103.85
2000-11-24,104.03
2000-11-27,104.64
2000-11-28,103.16
2000-11-29,102.52
2000-11-30,99.57
2000-12-01,99.56
2000-12-04,99.66
2000-12-05,99.44
2000-12-06,99.94
2000-12-07,99.75
2000-12-08,100.29
2000-12-11,102.03
2000-12-12,102.34
2000-12-13,103.13
2000-12-14,103.15
2000-12-15,102.98
2000-12-18,103.01
2000-12-19,103.83
2000-12-20,103.55
2000-12-21,104.29
2000-12-22,104.03
2000-12-27,104.3
2000-12-28,104.89
2000-12-29,104.55
2001-01-02,104.29
2001-01-03,104.6
2001-01-04,105.72
2001-01-05,105.72
2001-01-08,105.95
2001-01-09,106.47
2001-01-10,107.4
2001-01-11,107.74
2001-01-12,109.62
2001-01-15,109.97
2001-01-16,109.74
2001-01-17,110.48
2001-01-18,110.83
2001-01-19,111.36
2001-01-22,111.24
2001-01-23,111.21
2001-01-24,111.46
2001-01-25,111.71
2001-01-26,112.25
2001-01-29,112.46
2001-01-30,112.51
2001-01-31,113.43
2001-02-01,113.82
2001-02-02,114.12
2001-02-05,114.14
2001-02-06,114.15
2001-02-07,114.26
2001-02-08,114.47
2001-02-09,114.35
2001-02-12,115.3
2001-02-13,116.05
2001-02-14,116.33
2001-02-15,116.75
2001-02-16,116.13
2001-02-19,115.89
2001-02-20,116.02
2001-02-21,115.08
2001-02-22,114.85
2001-02-23,115.1
2001-02-26,114.99
2001-02-27,114.56
2001-02-28,114.07
2001-03-01,114.15
2001-03-02,113.59
2001-03-05,113.66
2001-03-06,113.56
2001-03-07,113.64
2001-03-08,113.68
2001-03-09,113.68
2001-03-12,112.93
2001-03-13,112.84
2001-03-14,111.95
2001-03-15,111.99
2001-03-16,111.43
2001-03-19,110.59
2001-03-20,110.33
2001-03-21,109.17
2001-03-22,107.65
2001-03-23,107.87
2001-03-26,107.98
2001-03-27,107.99
2001-03-28,108.3
2001-03-29,109.5
2001-03-30,109.17
2001-04-02,109.06
2001-04-03,108.12
2001-04-04,105.3
2001-04-05,105.41
2001-04-06,105.37
2001-04-09,105.62
2001-04-10,105.75
2001-04-11,106.24
2001-04-12,106.11
2001-04-17,106.49
2001-04-18,106.66
2001-04-19,106.3
2001-04-20,105.98
2001-04-23,106.25
2001-04-24,105.84
2001-04-25,105.44
2001-04-26,105.26
2001-04-27,105.57
2001-04-30,106.13
2001-05-01,106.23
2001-05-02,106.57
2001-05-03,107.07
2001-05-04,107.11
2001-05-08,107.54
2001-05-09,107.37
2001-05-10,107.5
2001-05-11,107.82
2001-05-14,107.83
2001-05-15,107.52
2001-05-16,107.12
2001-05-17,107.08
2001-05-18,107.31
2001-05-21,107.6
2001-05-22,107.74
2001-05-23,107.91
2001-05-24,107.73
2001-05-25,108.06
2001-05-29,108.39
2001-05-30,108.79
2001-05-31,109.12
2001-06-01,108.56
2001-06-04,108.25
2001-06-05,108.0
2001-06-06,107.82
2001-06-07,107.57
2001-06-08,107.32
2001-06-11,107.17
2001-06-12,106.48
2001-06-13,106.51
2001-06-14,106.28
2001-06-15,104.59
2001-06-18,103.76
2001-06-19,102.81
2001-06-20,101.47
2001-06-21,102.29
2001-06-22,102.8
2001-06-25,102.64
2001-06-26,101.43
2001-06-27,101.45
2001-06-28,101.83
2001-06-29,100.9
2001-07-02,101.51
2001-07-03,101.54
2001-07-04,101.62
2001-07-05,101.68
2001-07-06,101.33
2001-07-09,101.0
2001-07-10,100.69
2001-07-11,99.39
2001-07-12,98.69
2001-07-13,98.6
2001-07-16,97.42
2001-07-17,96.62
2001-07-18,95.71
2001-07-19,96.17
2001-07-20,96.19
2001-07-23,96.4
2001-07-24,96.27
2001-07-25,97.19
2001-07-26,97.5
2001-07-27,97.73
2001-07-30,98.22
2001-07-31,98.49
2001-08-01,98.55
2001-08-02,98.48
2001-08-03,97.4
2001-08-06,97.46
2001-08-07,97.59
2001-08-08,97.61
2001-08-09,97.38
2001-08-10,97.3
2001-08-13,97.21
2001-08-14,97.33
2001-08-15,97.32
2001-08-16,97.52
2001-08-17,97.4
2001-08-20,97.16
2001-08-21,96.93
2001-08-22,96.85
2001-08-23,96.95
2001-08-24,96.98
2001-08-28,97.28
2001-08-29,97.35
2001-08-30,96.29
2001-08-31,96.29
2001-09-03,96.28
2001-09-04,96.53
2001-09-05,96.79
2001-09-06,96.72
2001-09-07,96.54
2001-09-10,96.7
2001-09-14,93.27
2001-09-17,93.34
2001-09-18,93.14
2001-09-19,91.9
2001-09-20,91.97
2001-09-21,91.34
2001-09-24,90.43
2001-09-25,90.3
2001-09-26,87.96
2001-09-27,87.28
2001-09-28,86.58
2001-10-01,86.32
2001-10-02,86.11
2001-10-03,86.21
2001-10-04,86.5
2001-10-05,86.44
2001-10-08,86.41
2001-10-09,86.33
2001-10-10,86.27
2001-10-11,86.45
2001-10-12,86.5
2001-10-15,86.49
2001-10-16,91.33
2001-10-17,91.44
2001-10-18,91.53
2001-10-19,91.61
2001-10-22,91.68
2001-10-23,91.69
2001-10-24,91.69
2001-10-25,91.73
2001-10-26,91.95
2001-10-29,92.41
2001-10-30,92.92
2001-10-31,93.33
2001-11-01,93.34
2001-11-02,93.46
2001-11-05,93.67
2001-11-06,93.72
2001-11-07,93.79
2001-11-08,93.88
2001-11-09,93.92
2001-11-12,93.98
2001-11-13,94.15
2001-11-14,94.11
2001-11-15,96.79
2001-11-16,96.62
2001-11-19,96.61
2001-11-20,96.58
2001-11-21,96.76
2001-11-22,96.69
2001-11-23,96.71
2001-11-26,97.81
2001-11-27,96.79
2001-11-28,96.89
2001-11-29,96.87
2001-11-30,96.97
2001-12-03,97.13
2001-12-04,97.15
2001-12-05,96.99
2001-12-06,97.08
2001-12-07,97.26
2001-12-10,97.49
2001-12-11,97.54
2001-12-12,97.55
2001-12-13,97.53
2001-12-14,97.49
2001-12-17,94.68
2001-12-18,94.8
2001-12-19,94.8
2001-12-20,94.82
2001-12-21,95.02
2001-12-24,96.05
2001-12-27,96.63
2001-12-28,96.58
2001-12-31,96.07
2002-01-02,95.53
2002-01-03,95.59
2002-01-04,96.0
2002-01-07,97.72
2002-01-08,99.19
2002-01-09,99.58
2002-01-10,99.61
2002-01-11,99.61
2002-01-14,99.95
2002-01-15,99.53
2002-01-16,99.7
2002-01-17,99.81
2002-01-18,99.7
2002-01-21,99.82
2002-01-22,99.67
2002-01-23,99.58
2002-01-24,99.76
2002-01-25,97.44
2002-01-28,97.62
2002-01-29,97.68
2002-01-30,96.09
2002-01-31,96.22
2002-02-01,96.26
2002-02-04,96.2
2002-02-05,96.02
2002-02-06,95.94
2002-02-07,95.91
2002-02-08,95.45
2002-02-11,94.65
2002-02-12,94.93
2002-02-13,95.12
2002-02-14,94.62
2002-02-15,94.08
2002-02-18,94.21
2002-02-19,94.12
2002-02-20,94.2
2002-02-21,94.21
2002-02-22,90.59
2002-02-25,90.84
2002-02-26,90.92
2002-02-27,90.89
2002-02-28,89.47
2002-03-01,89.56
2002-03-04,89.6
2002-03-05,89.61
2002-03-06,89.49
2002-03-07,89.4
2002-03-08,89.75
2002-03-11,90.05
2002-03-12,90.05
2002-03-13,90.04
2002-03-14,90.04
2002-03-15,91.29
2002-03-18,91.48
2002-03-19,91.45
2002-03-20,91.47
2002-03-21,91.59
2002-03-22,91.17
2002-03-25,91.62
2002-03-26,91.68
2002-03-27,91.74
2002-03-28,91.88
2002-03-29,91.88
2002-04-02,92.27
2002-04-03,92.17
2002-04-04,92.17
2002-04-05,91.98
2002-04-08,92.17
2002-04-09,92.14
2002-04-10,92.16
2002-04-11,92.1
2002-04-12,92.91
2002-04-15,93.61
2002-04-16,93.59
2002-04-17,93.39
2002-04-18,93.42
2002-04-19,93.5
2002-04-22,93.65
2002-04-23,93.63
2002-04-24,93.6
2002-04-25,93.54
2002-04-26,93.56
2002-04-29,93.63
2002-04-30,93.37
2002-05-01,93.01
2002-05-02,93.17
2002-05-03,92.98
2002-05-07,93.04
2002-05-08,93.09
2002-05-09,93.1
2002-05-10,93.05
2002-05-13,93.18
2002-05-14,93.4
2002-05-15,92.39
2002-05-16,92.36
2002-05-17,92.13
2002-05-20,92.24
2002-05-21,92.24
2002-05-22,92.07
2002-05-23,92.15
2002-05-24,92.22
2002-05-27,92.23
2002-05-28,92.25
2002-05-29,92.15
2002-05-30,91.37
2002-05-31,91.62
2002-06-05,91.57
2002-06-06,91.46
2002-06-07,91.52
2002-06-10,91.64
2002-06-11,91.78
2002-06-12,91.81
2002-06-13,91.89
2002-06-14,91.27
2002-06-17,91.5
2002-06-18,91.55
2002-06-19,91.44
2002-06-20,91.4
2002-06-21,91.19
2002-06-24,91.15
2002-06-25,91.29
2002-06-26,91.17
2002-06-27,87.75
2002-06-28,86.45
2002-07-01,86.55
2002-07-02,86.64
2002-07-03,86.72
2002-07-04,86.75
2002-07-05,86.87
2002-07-08,86.83
2002-07-09,86.88
2002-07-10,87.03
2002-07-11,87.06
2002-07-12,87.11
2002-07-15,85.46
2002-07-16,85.47
2002-07-17,85.5
2002-07-18,85.59
2002-07-19,85.55
2002-07-22,85.77
2002-07-23,85.96
2002-07-24,86.09
2002-07-25,85.96
2002-07-26,86.12
2002-07-29,86.34
2002-07-30,86.33
2002-07-31,83.71
2002-08-01,83.68
2002-08-02,83.86
2002-08-05,83.91
2002-08-06,83.9
2002-08-07,83.74
2002-08-08,83.8
2002-08-09,83.6
2002-08-12,83.69
2002-08-13,83.73
2002-08-14,83.06
2002-08-15,81.62
2002-08-16,81.57
2002-08-19,81.65
2002-08-20,81.57
2002-08-21,81.54
2002-08-22,81.79
2002-08-23,82.35
2002-08-27,82.62
2002-08-28,82.75
2002-08-29,82.84
2002-08-30,83.72
2002-09-02,83.68
2002-09-03,83.77
2002-09-04,83.86
2002-09-05,83.94
2002-09-06,84.04
2002-09-09,84.23
2002-09-10,84.35
2002-09-11,84.35
2002-09-12,84.79
2002-09-13,84.72
2002-09-16,85.21
2002-09-17,85.23
2002-09-18,85.15
2002-09-19,84.97
2002-09-20,84.72
2002-09-23,84.87
2002-09-24,84.9
2002-09-25,84.96
2002-09-26,83.47
2002-09-27,83.48
2002-09-30,82.29
2002-10-01,82.4
2002-10-02,82.33
2002-10-03,82.38
2002-10-04,82.49
2002-10-07,82.33
2002-10-08,82.3
2002-10-09,82.07
2002-10-10,82.07
2002-10-11,82.12
2002-10-14,82.14
2002-10-15,80.8
2002-10-16,80.92
2002-10-17,81.26
2002-10-18,81.2
2002-10-21,81.35
2002-10-22,81.4
2002-10-23,81.57
2002-10-24,81.64
2002-10-25,81.82
2002-10-28,81.88
2002-10-29,81.99
2002-10-30,81.96
2002-10-31,84.54
2002-11-01,84.51
2002-11-04,84.78
2002-11-05,85.74
2002-11-06,85.9
2002-11-07,86.0
2002-11-08,86.07
2002-11-11,86.1
2002-11-12,86.06
2002-11-13,86.09
2002-11-14,86.12
2002-11-15,88.24
2002-11-18,88.74
2002-11-19,88.77
2002-11-20,88.83
2002-11-21,89.22
2002-11-22,89.53
2002-11-25,89.54
2002-11-26,89.71
2002-11-27,89.58
2002-11-28,91.42
2002-11-29,91.53
2002-12-02,91.44
2002-12-03,91.55
2002-12-04,91.56
2002-12-05,91.63
2002-12-06,91.6
2002-12-09,91.74
2002-12-10,92.03
2002-12-11,91.59
2002-12-12,91.52
2002-12-13,92.16
2002-12-16,92.28
2002-12-17,92.37
2002-12-18,92.5
2002-12-19,92.67
2002-12-20,92.73
2002-12-23,92.94
2002-12-24,92.94
2002-12-27,92.9
2002-12-30,92.93
2002-12-31,92.89
2003-01-02,92.92
2003-01-03,92.95
2003-01-06,93.04
2003-01-07,93.12
2003-01-08,93.76
2003-01-09,94.98
2003-01-10,95.4
2003-01-13,95.75
2003-01-14,97.89
2003-01-15,97.82
2003-01-16,97.87
2003-01-17,97.92
2003-01-20,97.79
2003-01-21,97.81
2003-01-22,97.83
2003-01-23,97.87
2003-01-24,97.99
2003-01-27,97.97
2003-01-28,97.9
2003-01-29,97.88
2003-01-30,98.15
2003-01-31,97.78
2003-02-03,97.93
2003-02-04,97.82
2003-02-05,97.87
2003-02-06,98.01
2003-02-07,98.32
2003-02-10,97.9
2003-02-11,97.88
2003-02-12,97.81
2003-02-13,97.57
2003-02-14,97.65
2003-02-17,97.69
2003-02-18,97.88
2003-02-19,97.94
2003-02-20,97.9
2003-02-21,97.91
2003-02-24,97.87
2003-02-25,97.95
2003-02-26,98.0
2003-02-27,97.95
2003-02-28,97.82
2003-03-03,98.14
2003-03-04,97.92
2003-03-05,97.99
2003-03-06,98.02
2003-03-07,97.99
2003-03-10,97.72
2003-03-11,97.6
2003-03-12,97.72
2003-03-13,97.47
2003-03-14,97.31
2003-03-17,97.34
2003-03-18,97.36
2003-03-19,97.59
2003-03-20,97.99
2003-03-21,98.07
2003-03-24,98.2
2003-03-25,98.27
2003-03-26,98.75
2003-03-27,98.81
2003-03-28,98.85
2003-03-31,99.56
2003-04-01,99.52
2003-04-02,99.76
2003-04-03,100.3
2003-04-04,100.28
2003-04-07,100.39
2003-04-08,100.45
2003-04-09,100.6
2003-04-10,100.65
2003-04-11,100.67
2003-04-14,100.74
2003-04-15,102.1
2003-04-16,102.05
2003-04-17,102.09
2003-04-22,102.03
2003-04-23,102.37
2003-04-24,102.56
2003-04-25,102.66
2003-04-28,102.87
2003-04-29,103.3
2003-04-30,105.34
2003-05-01,105.35
2003-05-02,105.65
2003-05-06,106.18
2003-05-07,106.0
2003-05-08,106.01
2003-05-09,105.99
2003-05-12,106.15
2003-05-13,106.1
2003-05-14,106.26
2003-05-15,106.85
2003-05-16,106.76
2003-05-19,106.68
2003-05-20,106.76
2003-05-21,106.91
2003-05-22,106.93
2003-05-23,106.92
2003-05-27,106.9
2003-05-28,107.08
2003-05-29,107.17
2003-05-30,107.2
2003-06-02,107.3
2003-06-03,107.32
2003-06-04,107.54
2003-06-05,107.65
2003-06-06,108.01
2003-06-09,108.0
2003-06-10,108.18
2003-06-11,108.52
2003-06-12,109.31
2003-06-13,110.57
2003-06-16,110.84
2003-06-17,111.14
2003-06-18,111.31
2003-06-19,111.36
2003-06-20,111.54
2003-06-23,111.66
2003-06-24,111.53
2003-06-25,111.55
2003-06-26,111.65
2003-06-27,111.57
2003-06-30,111.6
2003-07-01,111.61
2003-07-02,111.78
2003-07-03,111.86
2003-07-04,111.93
2003-07-07,112.04
2003-07-08,111.88
2003-07-09,111.83
2003-07-10,111.83
2003-07-11,111.96
2003-07-14,111.96
2003-07-15,111.71
2003-07-16,111.69
2003-07-17,111.66
2003-07-18,111.58
2003-07-21,111.6
2003-07-22,111.58
2003-07-23,111.54
2003-07-24,111.57
2003-07-25,111.65
2003-07-28,111.82
2003-07-29,111.97
2003-07-30,112.0
2003-07-31,111.64
2003-08-01,111.6
2003-08-04,111.55
2003-08-05,111.55
2003-08-06,111.62
2003-08-07,111.53
2003-08-08,111.58
2003-08-11,111.46
2003-08-12,111.54
2003-08-13,111.64
2003-08-14,111.63
2003-08-15,111.34
2003-08-18,111.45
2003-08-19,111.62
2003-08-20,111.72
2003-08-21,112.06
2003-08-22,112.31
2003-08-26,112.39
2003-08-27,112.38
2003-08-28,112.5
2003-08-29,113.46
2003-09-01,113.54
2003-09-02,114.06
2003-09-03,114.19
2003-09-04,114.33
2003-09-05,114.17
2003-09-08,114.19
2003-09-09,114.1
2003-09-10,114.13
2003-09-11,114.2
2003-09-12,114.21
2003-09-15,114.63
2003-09-16,114.73
2003-09-17,114.87
2003-09-18,115.05
2003-09-19,115.11
2003-09-22,115.24
2003-09-23,115.41
2003-09-24,115.5
2003-09-25,115.46
2003-09-26,115.44
2003-09-29,115.4
2003-09-30,115.42
2003-10-01,115.32
2003-10-02,115.45
2003-10-03,115.49
2003-10-06,115.58
2003-10-07,115.47
2003-10-08,115.33
2003-10-09,115.47
2003-10-10,115.49
2003-10-13,115.77
2003-10-14,115.83
2003-10-15,116.1
2003-10-16,116.25
2003-10-17,116.22
2003-10-20,116.26
2003-10-21,116.42
2003-10-22,116.43
2003-10-23,116.42
2003-10-24,116.46
2003-10-27,116.54
2003-10-28,116.71
2003-10-29,116.93
2003-10-30,117.12
2003-10-31,117.37
2003-11-03,117.62
2003-11-04,117.65
2003-11-05,117.82
2003-11-06,117.83
2003-11-07,117.73
2003-11-10,117.8
2003-11-11,117.84
2003-11-12,117.92
2003-11-13,118.13
2003-11-14,118.38
2003-11-17,118.42
2003-11-18,118.33
2003-11-19,118.24
2003-11-20,118.27
2003-11-21,118.26
2003-11-24,118.36
2003-11-25,118.36
2003-11-26,118.33
2003-11-27,118.37
2003-11-28,118.39
2003-12-01,118.4
2003-12-02,118.39
2003-12-03,118.41
2003-12-04,118.49
2003-12-05,118.66
2003-12-08,118.76
2003-12-09,118.88
2003-12-10,118.95
2003-12-11,118.92
2003-12-12,119.43
2003-12-15,119.34
2003-12-16,119.35
2003-12-17,119.53
2003-12-18,119.67
2003-12-19,119.63
2003-12-22,119.5
2003-12-23,119.61
2003-12-24,119.29
2003-12-29,119.33
2003-12-30,119.34
2003-12-31,119.38
2004-01-02,119.36
2004-01-05,119.62
2004-01-06,120.07
2004-01-07,120.26
2004-01-08,120.4
2004-01-09,120.69
2004-01-12,121.04
2004-01-13,121.21
2004-01-14,121.31
2004-01-15,121.9
2004-01-16,122.03
2004-01-19,122.04
2004-01-20,122.24
2004-01-21,122.46
2004-01-22,122.37
2004-01-23,122.35
2004-01-26,122.25
2004-01-27,122.22
2004-01-28,122.18
2004-01-29,122.17
2004-01-30,122.38
2004-02-02,122.19
2004-02-03,122.11
2004-02-04,121.98
2004-02-05,122.14
2004-02-06,121.91
2004-02-09,122.17
2004-02-10,122.28
2004-02-11,122.36
2004-02-12,122.54
2004-02-13,122.61
2004-02-16,122.79
2004-02-17,123.01
2004-02-18,123.11
2004-02-19,123.14
2004-02-20,123.12
2004-02-23,123.26
2004-02-24,123.43
2004-02-25,123.57
2004-02-26,123.51
2004-02-27,123.66
2004-03-01,123.76
2004-03-02,123.83
2004-03-03,123.81
2004-03-04,123.97
2004-03-05,123.98
2004-03-08,124.24
2004-03-09,124.23
2004-03-10,124.09
2004-03-11,124.2
2004-03-12,124.26
2004-03-15,124.22
2004-03-16,124.06
2004-03-17,124.28
2004-03-18,124.28
2004-03-19,124.4
2004-03-22,124.57
2004-03-23,124.68
2004-03-24,124.61
2004-03-25,124.42
2004-03-26,124.53
2004-03-29,124.58
2004-03-30,124.73
2004-03-31,124.91
2004-04-01,125.0
2004-04-02,124.89
2004-04-05,125.07
2004-04-06,125.31
2004-04-07,125.3
2004-04-08,125.45
2004-04-13,125.63
2004-04-14,125.26
2004-04-15,125.28
2004-04-16,125.43
2004-04-19,125.58
2004-04-20,125.6
2004-04-21,125.43
2004-04-22,125.44
2004-04-23,125.5
2004-04-26,125.7
2004-04-27,125.75
2004-04-28,125.71
2004-04-29,125.58
2004-04-30,125.51
2004-05-04,125.54
2004-05-05,125.37
2004-05-06,125.1
2004-05-07,124.94
2004-05-10,124.01
2004-05-11,123.65
2004-05-12,123.49
2004-05-13,123.25
2004-05-14,122.54
2004-05-17,121.69
2004-05-18,121.91
2004-05-19,122.39
2004-05-20,122.64
2004-05-21,122.8
2004-05-24,123.05
2004-05-25,123.18
2004-05-26,123.41
2004-05-27,123.54
2004-05-28,123.9
2004-05-31,123.9
2004-06-01,123.92
2004-06-02,123.84
2004-06-03,123.92
2004-06-04,123.95
2004-06-07,123.95
2004-06-08,124.14
2004-06-09,124.39
2004-06-10,124.52
2004-06-11,124.55
2004-06-14,124.69
2004-06-15,124.93
2004-06-16,125.12
2004-06-17,125.18
2004-06-18,125.24
2004-06-21,125.4
2004-06-22,125.43
2004-06-23,125.45
2004-06-24,125.56
2004-06-25,125.65
2004-06-28,125.69
2004-06-29,125.7
2004-06-30,126.05
2004-07-01,125.98
2004-07-02,126.01
2004-07-05,126.13
2004-07-06,126.33
2004-07-07,126.39
2004-07-08,126.38
2004-07-09,126.39
2004-07-12,126.54
2004-07-13,126.57
2004-07-14,126.51
2004-07-15,126.69
2004-07-16,126.96
2004-07-19,127.22
2004-07-20,127.16
2004-07-21,127.2
2004-07-22,127.33
2004-07-23,127.37
2004-07-26,127.41
2004-07-27,127.33
2004-07-28,127.35
2004-07-29,127.28
2004-07-30,127.65
2004-08-02,127.86
2004-08-03,127.86
2004-08-04,127.98
2004-08-05,128.11
2004-08-06,128.18
2004-08-09,128.17
2004-08-10,128.1
2004-08-11,128.12
2004-08-12,128.07
2004-08-13,128.19
2004-08-16,128.24
2004-08-17,128.16
2004-08-18,128.22
2004-08-19,128.33
2004-08-20,128.32
2004-08-23,128.48
2004-08-24,128.47
2004-08-25,128.67
2004-08-26,128.68
2004-08-27,128.93
2004-08-31,129.24
2004-09-01,129.27
2004-09-02,129.31
2004-09-03,129.35
2004-09-06,129.53
2004-09-07,129.46
2004-09-08,129.63
2004-09-09,129.69
2004-09-10,129.77
2004-09-13,129.93
2004-09-14,130.07
2004-09-15,130.15
2004-09-16,130.4
2004-09-17,130.49
2004-09-20,130.57
2004-09-21,130.59
2004-09-22,130.76
2004-09-23,130.82
2004-09-24,130.97
2004-09-27,131.06
2004-09-28,131.02
2004-09-29,130.81
2004-09-30,130.82
2004-10-01,130.79
2004-10-04,130.99
2004-10-05,131.03
2004-10-06,131.15
2004-10-07,131.25
2004-10-08,131.28
2004-10-11,131.57
2004-10-12,131.72
2004-10-13,131.83
2004-10-14,131.66
2004-10-15,131.62
2004-10-18,131.54
2004-10-19,131.52
2004-10-20,131.41
2004-10-21,131.53
2004-10-22,131.56
2004-10-25,131.57
2004-10-26,131.64
2004-10-27,131.74
2004-10-28,131.88
2004-10-29,132.09
2004-11-01,132.19
2004-11-02,132.39
2004-11-03,132.52
2004-11-04,132.57
2004-11-05,132.66
2004-11-08,132.85
2004-11-09,133.0
2004-11-10,132.97
2004-11-11,133.17
2004-11-12,133.27
2004-11-15,133.47
2004-11-16,133.63
2004-11-17,133.74
2004-11-18,133.75
2004-11-19,133.79
2004-11-22,133.97
2004-11-23,134.17
2004-11-24,134.23
2004-11-25,134.35
2004-11-26,134.41
2004-11-29,134.49
2004-11-30,134.85
2004-12-01,135.09
2004-12-02,135.27
2004-12-03,135.42
2004-12-06,135.56
2004-12-07,135.68
2004-12-08,135.83
2004-12-09,135.8
2004-12-10,135.74
2004-12-13,135.75
2004-12-14,135.82
2004-12-15,135.94
2004-12-16,136.12
2004-12-17,136.19
2004-12-20,136.22
2004-12-21,136.12
2004-12-22,136.02
2004-12-23,135.94
2004-12-24,135.99
2004-12-29,135.9
2004-12-30,135.9
2004-12-31,136.07
2005-01-04,136.31
2005-01-05,136.37
2005-01-06,136.38
2005-01-07,136.54
2005-01-10,136.63
2005-01-11,136.52
2005-01-12,136.5
2005-01-13,136.54
2005-01-14,136.56
2005-01-17,136.52
2005-01-18,136.68
2005-01-19,136.84
2005-01-20,136.81
2005-01-21,136.72
2005-01-24,136.82
2005-01-25,137.03
2005-01-26,137.12
2005-01-27,137.36
2005-01-28,137.41
2005-01-31,137.51
2005-02-01,137.6
2005-02-02,137.71
2005-02-03,137.8
2005-02-04,138.0
2005-02-07,138.15
2005-02-08,138.37
2005-02-09,138.58
2005-02-10,138.67
2005-02-11,138.73
2005-02-14,139.09
2005-02-15,139.2
2005-02-16,139.13
2005-02-17,139.12
2005-02-18,139.11
2005-02-21,139.2
2005-02-22,139.03
2005-02-23,139.02
2005-02-24,139.05
2005-02-25,139.23
2005-02-28,139.58
2005-03-01,139.76
2005-03-02,139.75
2005-03-03,139.74
2005-03-04,139.88
2005-03-07,139.99
2005-03-08,139.97
2005-03-09,139.8
2005-03-10,139.66
2005-03-11,139.63
2005-03-14,139.51
2005-03-15,139.49
2005-03-16,139.13
2005-03-17,139.0
2005-03-18,138.97
2005-03-21,138.32
2005-03-22,137.57
2005-03-23,137.58
2005-03-24,137.75
2005-03-29,137.87
2005-03-30,137.73
2005-03-31,137.47
2005-04-01,137.44
2005-04-04,137.16
2005-04-05,137.27
2005-04-06,137.58
2005-04-07,137.8
2005-04-08,138.07
2005-04-11,137.96
2005-04-12,138.07
2005-04-13,138.08
2005-04-14,137.78
2005-04-15,137.12
2005-04-18,136.52
2005-04-19,136.7
2005-04-20,136.94
2005-04-21,137.07
2005-04-22,137.36
2005-04-25,137.54
2005-04-26,137.28
2005-04-27,137.16
2005-04-28,137.26
2005-04-29,137.02
2005-05-03,136.97
2005-05-04,136.91
2005-05-05,137.03
2005-05-06,136.64
2005-05-09,136.58
2005-05-10,136.01
2005-05-11,135.73
2005-05-12,135.74
2005-05-13,135.41
2005-05-16,134.62
2005-05-17,133.9
2005-05-18,133.9
2005-05-19,134.62
2005-05-20,134.84
2005-05-23,135.32
2005-05-24,135.72
2005-05-25,136.02
2005-05-26,136.48
2005-05-27,136.57
2005-05-31,137.17
2005-06-01,137.33
2005-06-02,137.95
2005-06-03,138.26
2005-06-06,138.43
2005-06-07,138.66
2005-06-08,138.79
2005-06-09,139.65
2005-06-10,139.85
2005-06-13,140.12
2005-06-14,140.43
2005-06-15,140.69
2005-06-16,140.41
2005-06-17,140.2
2005-06-20,140.51
2005-06-21,140.85
2005-06-22,140.89
2005-06-23,140.5
2005-06-24,140.18
2005-06-27,140.07
2005-06-28,140.44
2005-06-29,140.66
2005-06-30,140.77
2005-07-01,140.84
2005-07-04,141.03
2005-07-05,141.18
2005-07-06,141.21
2005-07-07,140.75
2005-07-08,140.84
2005-07-11,141.29
2005-07-12,141.53
2005-07-13,141.72
2005-07-14,142.07
2005-07-15,142.33
2005-07-18,142.42
2005-07-19,142.36
2005-07-20,142.23
2005-07-21,142.4
2005-07-22,142.54
2005-07-25,142.76
2005-07-26,142.6
2005-07-27,142.67
2005-07-28,142.66
2005-07-29,143.19
2005-08-01,143.22
2005-08-02,143.34
2005-08-03,143.27
2005-08-04,143.18
2005-08-05,143.09
2005-08-08,142.7
2005-08-09,142.88
2005-08-10,143.06
2005-08-11,143.2
2005-08-12,143.39
2005-08-15,143.48
2005-08-16,143.56
2005-08-17,143.63
2005-08-18,143.78
2005-08-19,144.1
2005-08-22,144.34
2005-08-23,144.46
2005-08-24,144.37
2005-08-25,144.37
2005-08-26,144.43
2005-08-30,144.31
2005-08-31,144.37
2005-09-01,144.3
2005-09-02,144.19
2005-09-05,144.41
2005-09-06,144.55
2005-09-07,144.6
2005-09-08,144.74
2005-09-09,144.74
2005-09-12,144.9
2005-09-13,144.93
2005-09-14,145.1
2005-09-15,144.98
2005-09-16,144.89
2005-09-19,145.01
2005-09-20,144.87
2005-09-21,144.86
2005-09-22,144.6
2005-09-23,144.45
2005-09-26,144.61
2005-09-27,144.51
2005-09-28,144.46
2005-09-29,144.57
2005-09-30,144.65
2005-10-03,144.82
2005-10-04,144.99
2005-10-05,145.13
2005-10-06,144.85
2005-10-07,144.58
2005-10-10,144.04
2005-10-11,144.07
2005-10-12,143.75
2005-10-13,143.67
2005-10-14,143.45
2005-10-17,144.49
2005-10-18,145.29
2005-10-19,145.25
2005-10-20,145.41
2005-10-21,145.66
2005-10-24,146.1
2005-10-25,145.96
2005-10-26,145.71
2005-10-27,145.21
2005-10-28,145.01
2005-10-31,144.97
2005-11-01,145.1
2005-11-02,145.08
2005-11-03,145.35
2005-11-04,145.38
2005-11-07,145.31
2005-11-08,145.46
2005-11-09,145.29
2005-11-10,145.13
2005-11-11,145.12
2005-11-14,144.9
2005-11-15,144.62
2005-11-16,144.39
2005-11-17,143.73
2005-11-18,144.19
2005-11-21,144.48
2005-11-22,144.21
2005-11-23,144.26
2005-11-24,144.33
2005-11-25,144.37
2005-11-28,144.33
2005-11-29,144.33
2005-11-30,144.41
2005-12-01,144.58
2005-12-02,144.49
2005-12-05,144.42
2005-12-06,144.15
2005-12-07,144.39
2005-12-08,144.78
2005-12-09,145.28
2005-12-12,145.68
2005-12-13,145.37
2005-12-14,145.24
2005-12-15,145.13
2005-12-16,145.36
2005-12-19,145.32
2005-12-20,145.35
2005-12-21,145.2
2005-12-22,145.14
2005-12-23,145.06
2005-12-28,145.03
2005-12-29,145.18
2005-12-30,145.2
2006-01-03,145.25
2006-01-04,145.7
2006-01-05,146.09
2006-01-06,146.49
2006-01-09,147.34
2006-01-10,147.45
2006-01-11,147.35
2006-01-12,147.4
2006-01-13,147.33
2006-01-16,147.1
2006-01-17,147.06
2006-01-18,146.93
2006-01-19,147.04
2006-01-20,147.17
2006-01-23,147.22
2006-01-24,147.46
2006-01-25,147.67
2006-01-26,147.61
2006-01-27,147.77
2006-01-30,148.38
2006-01-31,148.42
2006-02-01,148.67
2006-02-02,148.83
2006-02-03,148.6
2006-02-06,148.46
2006-02-07,148.38
2006-02-08,147.91
2006-02-09,148.05
2006-02-10,148.13
2006-02-13,147.97
2006-02-14,147.78
2006-02-15,148.06
2006-02-16,148.16
2006-02-17,148.43
2006-02-20,148.47
2006-02-21,148.59
2006-02-22,148.57
2006-02-23,148.78
2006-02-24,148.73
2006-02-27,148.58
2006-02-28,148.75
2006-03-01,148.8
2006-03-02,148.58
2006-03-03,148.48
2006-03-06,148.73
2006-03-07,148.9
2006-03-08,148.69
2006-03-09,148.83
2006-03-10,148.83
2006-03-13,149.04
2006-03-14,148.94
2006-03-15,148.98
2006-03-16,148.83
2006-03-17,148.63
2006-03-20,149.08
2006-03-21,149.32
2006-03-22,149.39
2006-03-23,149.53
2006-03-24,149.57
2006-03-27,149.87
2006-03-28,149.78
2006-03-29,149.58
2006-03-30,149.52
2006-03-31,149.55
2006-04-03,150.04
2006-04-04,149.84
2006-04-05,149.74
2006-04-06,149.61
2006-04-07,149.47
2006-04-10,149.53
2006-04-11,149.67
2006-04-12,149.8
2006-04-13,149.76
2006-04-18,149.88
2006-04-19,150.11
2006-04-20,150.36
2006-04-21,150.53
2006-04-24,150.56
2006-04-25,150.59
2006-04-26,150.54
2006-04-27,150.73
2006-04-28,150.93
2006-05-02,151.16
2006-05-03,151.31
2006-05-04,151.24
2006-05-05,151.23
2006-05-08,151.35
2006-05-09,151.41
2006-05-10,151.41
2006-05-11,151.65
2006-05-12,151.74
2006-05-15,151.81
2006-05-16,151.64
2006-05-17,151.7
2006-05-18,151.59
2006-05-19,151.47
2006-05-22,151.4
2006-05-23,150.97
2006-05-24,150.89
2006-05-25,151.1
2006-05-26,151.23
2006-05-30,151.68
2006-05-31,151.5
2006-06-01,151.59
2006-06-02,151.76
2006-06-05,151.84
2006-06-06,151.82
2006-06-07,151.8
2006-06-08,151.9
2006-06-09,152.01
2006-06-12,152.21
2006-06-13,152.24
2006-06-14,152.02
2006-06-15,152.01
2006-06-16,151.93
2006-06-19,151.97
2006-06-20,151.87
2006-06-21,151.66
2006-06-22,151.41
2006-06-23,150.85
2006-06-26,150.42
2006-06-27,150.28
2006-06-28,150.5
2006-06-29,150.8
2006-06-30,151.21
2006-07-03,151.42
2006-07-04,151.82
2006-07-05,151.71
2006-07-06,151.43
2006-07-07,151.56
2006-07-10,151.66
2006-07-11,151.74
2006-07-12,151.91
2006-07-13,152.02
2006-07-14,152.02
2006-07-17,151.94
2006-07-18,152.09
2006-07-19,152.22
2006-07-20,152.34
2006-07-21,152.63
2006-07-24,152.8
2006-07-25,152.94
2006-07-26,153.07
2006-07-27,153.16
2006-07-28,153.17
2006-07-31,153.38
2006-08-01,153.5
2006-08-02,153.63
2006-08-03,153.82
2006-08-04,154.05
2006-08-07,154.24
2006-08-08,154.33
2006-08-09,154.37
2006-08-10,154.37
2006-08-11,154.53
2006-08-14,154.61
2006-08-15,154.66
2006-08-16,154.68
2006-08-17,154.79
2006-08-18,154.72
2006-08-21,154.77
2006-08-22,154.75
2006-08-23,154.97
2006-08-24,154.95
2006-08-25,155.13
2006-08-29,155.22
2006-08-30,155.56
2006-08-31,155.72
2006-09-01,156.07
2006-09-04,156.11
2006-09-05,156.14
2006-09-06,155.82
2006-09-07,155.82
2006-09-08,155.95
2006-09-11,155.99
2006-09-12,156.24
2006-09-13,156.28
2006-09-14,156.4
2006-09-15,156.46
2006-09-18,156.35
2006-09-19,156.34
2006-09-20,156.37
2006-09-21,156.45
2006-09-22,156.41
2006-09-25,156.59
2006-09-26,156.76
2006-09-27,156.66
2006-09-28,156.67
2006-09-29,156.7
2006-10-02,156.81
2006-10-03,156.92
2006-10-04,157.03
2006-10-05,157.02
2006-10-06,157.34
2006-10-09,157.41
2006-10-10,157.41
2006-10-11,157.53
2006-10-12,157.66
2006-10-13,157.8
2006-10-16,158.07
2006-10-17,158.22
2006-10-18,158.35
2006-10-19,158.42
2006-10-20,158.54
2006-10-23,158.66
2006-10-24,158.66
2006-10-25,158.76
2006-10-26,158.92
2006-10-27,159.13
2006-10-30,159.27
2006-10-31,159.36
2006-11-01,159.45
2006-11-02,159.54
2006-11-03,159.68
2006-11-06,159.94
2006-11-07,160.1
2006-11-08,160.1
2006-11-09,160.02
2006-11-10,160.17
2006-11-13,160.3
2006-11-14,160.31
2006-11-15,160.37
2006-11-16,160.47
2006-11-17,160.65
2006-11-20,160.84
2006-11-21,160.86
2006-11-22,160.83
2006-11-23,160.69
2006-11-24,160.69
2006-11-27,160.74
2006-11-28,160.73
2006-11-29,160.81
2006-11-30,160.95
2006-12-01,161.11
2006-12-04,161.15
2006-12-05,161.26
2006-12-06,161.28
2006-12-07,161.4
2006-12-08,161.42
2006-12-11,161.56
2006-12-12,161.67
2006-12-13,161.69
2006-12-14,161.7
2006-12-15,161.8
2006-12-18,161.82
2006-12-19,161.81
2006-12-20,161.84
2006-12-21,161.87
2006-12-22,161.87
2006-12-27,161.99
2006-12-28,162.08
2006-12-29,162.13
2007-01-02,162.24
2007-01-03,162.25
2007-01-04,162.39
2007-01-05,162.31
2007-01-08,162.47
2007-01-09,162.62
2007-01-10,162.63
2007-01-11,162.82
2007-01-12,162.99
2007-01-15,163.18
2007-01-16,163.33
2007-01-17,163.55
2007-01-18,163.71
2007-01-19,163.71
2007-01-22,164.04
2007-01-23,164.09
2007-01-24,164.02
2007-01-25,164.2
2007-01-26,164.18
2007-01-29,164.1
2007-01-30,163.98
2007-01-31,163.82
2007-02-01,164.07
2007-02-02,164.24
2007-02-05,164.37
2007-02-06,164.57
2007-02-07,164.53
2007-02-08,164.51
2007-02-09,164.5
2007-02-12,164.56
2007-02-13,164.44
2007-02-14,164.51
2007-02-15,164.63
2007-02-16,164.72
2007-02-19,164.8
2007-02-20,165.0
2007-02-21,165.08
2007-02-22,165.22
2007-02-23,165.18
2007-02-26,165.34
2007-02-27,164.98
2007-02-28,164.59
2007-03-01,164.62
2007-03-02,164.37
2007-03-05,163.78
2007-03-06,163.51
2007-03-07,163.7
2007-03-08,164.04
2007-03-09,164.16
2007-03-12,164.18
2007-03-13,164.08
2007-03-14,163.75
2007-03-15,163.78
2007-03-16,163.7
2007-03-19,163.92
2007-03-20,164.01
2007-03-21,164.28
2007-03-22,164.39
2007-03-23,164.49
2007-03-26,164.64
2007-03-27,164.62
2007-03-28,164.51
2007-03-29,164.55
2007-03-30,164.51
2007-04-02,164.56
2007-04-03,164.67
2007-04-04,164.74
2007-04-05,164.62
2007-04-10,164.78
2007-04-11,164.93
2007-04-12,164.89
2007-04-13,164.93
2007-04-16,165.16
2007-04-17,165.4
2007-04-18,165.47
2007-04-19,165.39
2007-04-20,165.52
2007-04-23,165.7
2007-04-24,165.69
2007-04-25,165.66
2007-04-26,165.63
2007-04-27,165.61
2007-04-30,165.73
2007-05-01,165.83
2007-05-02,165.76
2007-05-03,165.78
2007-05-04,165.93
2007-05-08,166.14
2007-05-09,166.26
2007-05-10,166.25
2007-05-11,166.27
2007-05-14,166.36
2007-05-15,166.36
2007-05-16,166.39
2007-05-17,166.4
2007-05-18,166.42
2007-05-21,166.65
2007-05-22,166.82
2007-05-23,166.98
2007-05-24,167.03
2007-05-25,166.98
2007-05-29,167.03
2007-05-30,167.02
2007-05-31,167.06
2007-06-01,167.08
2007-06-04,167.22
2007-06-05,167.14
2007-06-06,167.08
2007-06-07,166.51
2007-06-08,166.22
2007-06-11,166.36
2007-06-12,166.36
2007-06-13,166.01
2007-06-14,166.07
2007-06-15,166.18
2007-06-18,166.29
2007-06-19,166.37
2007-06-20,166.42
2007-06-21,166.16
2007-06-22,166.14
2007-06-25,165.94
2007-06-26,165.82
2007-06-27,165.55
2007-06-28,165.48
2007-06-29,165.36
2007-07-02,164.98
2007-07-03,165.01
2007-07-04,165.01
2007-07-05,164.99
2007-07-06,164.88
2007-07-09,164.9
2007-07-10,164.46
2007-07-11,163.97
2007-07-12,163.76
2007-07-13,163.81
2007-07-16,164.09
2007-07-17,163.88
2007-07-18,163.71
2007-07-19,163.72
2007-07-20,163.38
2007-07-23,162.98
2007-07-24,162.71
2007-07-25,162.62
2007-07-26,161.8
2007-07-27,159.45
2007-07-30,158.48
2007-07-31,159.75
2007-08-01,159.41
2007-08-02,159.82
2007-08-03,160.09
2007-08-06,159.86
2007-08-07,160.23
2007-08-09,161.0
2007-08-10,160.86
2007-08-14,160.75
2007-08-15,160.41
2007-08-16,160.03
2007-08-17,159.35
2007-08-20,159.48
2007-08-21,159.25
2007-08-22,159.08
2007-08-23,159.51
2007-08-24,159.49
2007-08-28,159.73
2007-08-29,159.53
2007-08-30,159.29
2007-08-31,159.37
2007-09-03,159.53
2007-09-04,159.57
2007-09-05,159.65
2007-09-06,159.58
2007-09-07,159.65
2007-09-10,159.4
2007-09-11,159.29
2007-09-12,159.23
2007-09-13,159.07
2007-09-14,159.07
2007-09-17,159.11
2007-09-18,159.19
2007-09-19,160.17
2007-09-20,160.38
2007-09-21,160.77
2007-09-24,161.53
2007-09-25,161.51
2007-09-26,162.05
2007-09-27,162.18
2007-09-28,162.26
2007-10-01,162.33
2007-10-02,162.44
2007-10-03,162.6
2007-10-04,162.96
2007-10-05,163.2
2007-10-08,163.51
2007-10-09,163.98
2007-10-10,164.36
2007-10-11,164.47
2007-10-12,164.44
2007-10-15,164.81
2007-10-16,164.49
2007-10-17,164.44
2007-10-18,163.77
2007-10-19,163.56
2007-10-22,162.87
2007-10-23,163.39
2007-10-24,163.51
2007-10-25,163.57
2007-10-26,163.49
2007-10-29,163.53
2007-10-30,163.4
2007-10-31,163.43
2007-11-01,163.52
2007-11-02,163.19
2007-11-05,162.64
2007-11-06,162.79
2007-11-07,162.48
2007-11-08,161.98
2007-11-09,161.17
2007-11-12,160.71
2007-11-13,160.39
2007-11-14,160.23
2007-11-15,159.62
2007-11-16,158.83
2007-11-19,158.29
2007-11-20,157.67
2007-11-21,156.36
2007-11-22,156.29
2007-11-23,156.48
2007-11-26,156.79
2007-11-28,157.12
2007-11-29,157.58
2007-11-30,158.01
2007-12-03,158.27
2007-12-04,158.0
2007-12-05,157.62
2007-12-06,157.4
2007-12-07,157.2
2007-12-10,157.41
2007-12-11,157.58
2007-12-12,157.69
2007-12-13,157.78
2007-12-14,157.92
2007-12-17,158.16
2007-12-18,158.07
2007-12-19,157.89
2007-12-20,157.41
2007-12-21,157.32
2007-12-24,157.31
2007-12-27,157.21
2007-12-28,157.09
2007-12-31,157.29
2008-01-02,157.2
2008-01-03,157.01
2008-01-04,156.55
2008-01-07,156.36
2008-01-08,155.68
2008-01-09,154.08
2008-01-10,153.45
2008-01-11,153.08
2008-01-14,152.48
2008-01-15,152.52
2008-01-16,152.45
2008-01-17,151.98
2008-01-18,151.54
2008-01-21,150.95
2008-01-22,149.34
2008-01-23,149.51
2008-01-24,149.52
2008-01-25,150.35
2008-01-28,150.43
2008-01-29,150.84
2008-01-30,151.0
2008-01-31,150.55
2008-02-01,150.69
2008-02-04,150.87
2008-02-05,150.43
2008-02-06,149.35
2008-02-07,149.18
2008-02-08,148.95
2008-02-11,148.12
2008-02-12,147.17
2008-02-13,147.53
2008-02-14,148.04
2008-02-15,147.62
2008-02-18,147.43
2008-02-19,147.16
2008-02-20,146.62
2008-02-21,146.86
2008-02-22,147.14
2008-02-25,147.97
2008-02-26,148.78
2008-02-27,148.72
2008-02-28,148.56
2008-02-29,147.87
2008-03-03,147.23
2008-03-04,147.09
2008-03-05,147.31
2008-03-06,147.31
2008-03-07,146.59
2008-03-10,146.74
2008-03-11,146.46
2008-03-12,146.09
2008-03-13,145.14
2008-03-14,145.17
2008-03-17,144.41
2008-03-18,144.69
2008-03-19,144.57
2008-03-20,144.7
2008-03-25,145.47
2008-03-26,145.91
2008-03-27,146.26
2008-03-28,146.41
2008-03-31,146.18
2008-04-01,146.76
2008-04-02,147.25
2008-04-03,147.93
2008-04-04,148.86
2008-04-07,150.03
2008-04-08,149.71
2008-04-09,149.43
2008-04-10,149.24
2008-04-11,149.54
2008-04-14,149.49
2008-04-15,149.32
2008-04-16,149.6
2008-04-17,150.18
2008-04-18,151.12
2008-04-21,151.16
2008-04-22,151.59
2008-04-23,152.14
2008-04-24,152.34
2008-04-25,152.76
2008-04-28,153.46
2008-04-29,153.57
2008-04-30,153.96
2008-05-01,154.37
2008-05-02,155.15
2008-05-06,155.11
2008-05-07,155.1
2008-05-08,155.04
2008-05-09,154.87
2008-05-12,155.03
2008-05-13,154.93
2008-05-14,155.05
2008-05-15,155.01
2008-05-16,155.27
2008-05-19,156.04
2008-05-20,156.37
2008-05-21,156.31
2008-05-22,156.04
2008-05-23,155.63
2008-05-27,155.42
2008-05-28,155.66
2008-05-29,155.7
2008-05-30,155.44
2008-06-02,155.26
2008-06-03,154.69
2008-06-04,154.26
2008-06-05,153.99
2008-06-06,154.08
2008-06-10,152.81
2008-06-11,152.68
2008-06-12,152.61
2008-06-13,152.75
2008-06-16,153.11
2008-06-17,153.07
2008-06-18,152.91
2008-06-19,152.63
2008-06-20,151.71
2008-06-23,151.52
2008-06-24,150.23
2008-06-25,149.56
2008-06-26,149.29
2008-06-27,148.14
2008-06-30,148.15
2008-07-01,147.62
2008-07-02,146.97
2008-07-03,145.05
2008-07-04,144.56
2008-07-07,144.27
2008-07-08,143.88
2008-07-09,144.37
2008-07-10,143.86
2008-07-11,143.9
2008-07-14,144.33
2008-07-15,144.0
2008-07-16,143.97
2008-07-17,144.08
2008-07-18,144.1
2008-07-21,144.82
2008-07-22,144.74
2008-07-23,145.26
2008-07-24,145.28
2008-07-25,145.28
2008-07-28,145.54
2008-07-29,145.62
2008-07-30,145.46
2008-07-31,145.28
2008-08-01,144.18
2008-08-04,143.86
2008-08-05,143.99
2008-08-06,144.2
2008-08-07,144.23
2008-08-08,144.52
2008-08-11,144.97
2008-08-12,145.84
2008-08-13,145.44
2008-08-14,145.47
2008-08-15,146.03
2008-08-18,146.58
2008-08-19,146.23
2008-08-20,146.25
2008-08-21,145.95
2008-08-22,145.63
2008-08-26,145.83
2008-08-27,145.79
2008-08-28,145.54
2008-08-29,145.92
2008-09-01,145.95
2008-09-02,146.24
2008-09-03,146.19
2008-09-04,146.48
2008-09-05,146.26
2008-09-08,146.67
2008-09-09,146.63
2008-09-10,146.62
2008-09-11,146.12
2008-09-12,146.34
2008-09-15,145.42
2008-09-16,143.03
2008-09-17,142.99
2008-09-18,141.4
2008-09-19,142.76
2008-09-22,142.62
2008-09-23,141.7
2008-09-24,141.26
2008-09-25,138.75
2008-09-26,137.9
2008-09-29,136.49
2008-09-30,134.66
2008-10-01,134.64
2008-10-02,133.35
2008-10-03,131.54
2008-10-06,128.38
2008-10-07,127.59
2008-10-08,125.05
2008-10-09,122.28
2008-10-10,117.28
2008-10-13,117.88
2008-10-14,118.33
2008-10-15,118.8
2008-10-16,117.0
2008-10-17,116.04
2008-10-20,115.36
2008-10-21,114.84
2008-10-22,113.08
2008-10-23,112.21
2008-10-24,110.53
2008-10-27,108.98
2008-10-28,109.65
2008-10-29,110.79
2008-10-30,113.82
2008-10-31,113.0
2008-11-03,112.69
2008-11-04,113.19
2008-11-05,114.22
2008-11-06,114.47
2008-11-07,114.03
2008-11-10,114.07
2008-11-11,113.58
2008-11-12,113.19
2008-11-13,112.17
2008-11-14,111.99
2008-11-17,110.89
2008-11-18,109.87
2008-11-19,107.94
2008-11-20,104.64
2008-11-21,103.88
2008-11-24,102.98
2008-11-25,103.59
2008-11-26,104.05
2008-11-27,104.25
2008-11-28,105.17
2008-12-01,104.41
2008-12-02,104.15
2008-12-03,104.04
2008-12-04,103.45
2008-12-05,102.91
2008-12-08,102.13
2008-12-09,102.09
2008-12-10,102.2
2008-12-11,101.32
2008-12-12,100.1
2008-12-15,100.36
2008-12-16,100.36
2008-12-17,100.17
2008-12-18,100.12
2008-12-19,100.66
2008-12-22,100.68
2008-12-23,100.61
2008-12-24,100.64
2008-12-29,100.55
2008-12-30,101.47
2008-12-31,102.4
2009-01-02,103.91
2009-01-05,106.93
2009-01-06,108.9
2009-01-07,110.62
2009-01-08,112.56
2009-01-09,113.63
2009-01-12,113.86
2009-01-13,114.27
2009-01-14,114.11
2009-01-15,113.72
2009-01-16,113.95
2009-01-19,114.21
2009-01-20,113.25
2009-01-21,111.55
2009-01-22,111.01
2009-01-23,110.98
2009-01-26,110.33
2009-01-27,110.92
2009-01-28,111.59
2009-01-29,112.95
2009-01-30,113.75
2009-02-02,113.15
2009-02-03,113.18
2009-02-04,114.3
2009-02-05,114.66
2009-02-06,115.11
2009-02-09,115.49
2009-02-10,115.3
2009-02-11,114.8223
2009-02-12,115.2585
2009-02-13,115.1349
2009-02-16,115.0755
2009-02-17,115.0234
2009-02-18,114.6355
2009-02-19,114.2154
2009-02-20,114.4684
2009-02-23,114.1517
2009-02-24,113.1255
2009-02-25,112.7932
2009-02-26,112.3279
2009-02-27,111.6184
2009-03-02,110.8311
2009-03-03,109.4954
2009-03-04,108.1809
2009-03-05,107.3586
2009-03-06,105.9303
2009-03-09,104.4877
2009-03-10,103.0067
2009-03-11,103.5486
2009-03-12,103.1887
2009-03-13,104.0282
2009-03-16,104.8213
2009-03-17,105.3732
2009-03-18,105.2076
2009-03-19,105.6089
2009-03-20,106.182
2009-03-23,107.0198
2009-03-24,108.0675
2009-03-25,107.9253
2009-03-26,109.9642
2009-03-27,111.9222
2009-03-30,112.6101
2009-03-31,112.6216
2009-04-01,112.7603
2009-04-02,113.5201
2009-04-03,113.5069
2009-04-06,114.2075
2009-04-07,114.9966
2009-04-08,115.1045
2009-04-09,115.6061
2009-04-14,116.2784
2009-04-15,118.0873
2009-04-16,119.4871
2009-04-17,120.1983
2009-04-20,121.1866
2009-04-21,120.9424
2009-04-22,120.3023
2009-04-23,120.8154
2009-04-24,121.0824
2009-04-27,121.8644
2009-04-28,122.0101
2009-04-29,123.0104
2009-04-30,124.6195
2009-05-01,125.0518
2009-05-05,127.6109
2009-05-06,129.1966
2009-05-07,131.0349
2009-05-08,132.1453
2009-05-11,132.8077
2009-05-12,133.4877
2009-05-13,134.2291
2009-05-14,133.7995
2009-05-15,134.2954
2009-05-18,134.8793
2009-05-19,136.5411
2009-05-20,138.3311
2009-05-21,139.211
2009-05-22,139.66
2009-05-26,140.241
2009-05-27,140.6116
2009-05-28,141.1118
2009-05-29,142.486
2009-06-01,144.5618
2009-06-02,145.528
2009-06-03,146.2627
2009-06-04,146.0924
2009-06-05,146.3547
2009-06-08,147.2892
2009-06-09,147.9978
2009-06-10,148.5641
2009-06-11,149.5468
2009-06-12,149.8864
2009-06-15,150.7402
2009-06-16,150.8074
2009-06-17,150.4913
2009-06-18,149.7884
2009-06-19,150.1396
2009-06-22,150.0935
2009-06-23,148.4867
2009-06-24,149.0795
2009-06-25,149.5508
2009-06-26,149.6626
2009-06-29,150.0863
2009-06-30,150.3066
2009-07-01,150.5691
2009-07-02,151.0731
2009-07-03,150.9247
2009-07-06,151.09
2009-07-07,151.2264
2009-07-08,151.3852
2009-07-09,151.3251
2009-07-10,151.6907
2009-07-13,151.6215
2009-07-14,152.8312
2009-07-15,153.4697
2009-07-16,153.3678
2009-07-17,154.4165
2009-07-20,155.2819
2009-07-21,155.8944
2009-07-22,156.5469
2009-07-23,157.3981
2009-07-24,158.2046
2009-07-27,159.4721
2009-07-28,160.5762
2009-07-29,160.9173
2009-07-30,161.7595
2009-07-31,162.6779
2009-08-03,163.911
2009-08-04,164.8576
2009-08-05,165.7235
2009-08-06,166.3422
2009-08-07,167.1461
2009-08-10,167.629
2009-08-11,167.702
2009-08-12,167.2135
2009-08-13,167.4262
2009-08-14,167.5794
2009-08-17,167.4053
2009-08-18,167.3524
2009-08-19,166.7503
2009-08-20,166.6429
2009-08-21,166.0241
2009-08-24,166.1782
2009-08-25,166.1981
2009-08-26,166.5308
2009-08-27,167.5637
2009-08-28,167.9346
2009-08-31,168.0776
2009-09-01,167.9327
2009-09-02,167.9904
2009-09-03,168.8075
2009-09-04,168.8014
2009-09-07,169.0428
2009-09-08,169.9414
2009-09-09,170.394
2009-09-10,171.7552
2009-09-11,172.9021
2009-09-14,173.7093
2009-09-15,174.804
2009-09-16,176.0601
2009-09-17,177.3198
2009-09-18,177.1317
2009-09-21,177.6172
2009-09-22,178.3013
2009-09-23,179.1906
2009-09-24,179.1919
2009-09-25,179.2109
2009-09-28,179.6444
2009-09-29,180.5255
2009-09-30,180.4921
2009-10-01,180.4467
2009-10-02,179.4565
2009-10-05,179.5635
2009-10-06,179.6837
2009-10-07,180.1908
2009-10-08,180.8702
2009-10-09,180.9211
2009-10-12,180.9443
2009-10-13,181.1994
2009-10-14,181.8516
2009-10-15,183.0596
2009-10-16,183.6233
2009-10-19,184.0452
2009-10-20,184.5388
2009-10-21,184.7356
2009-10-22,184.6352
2009-10-23,184.3446
2009-10-26,185.085
2009-10-27,185.5161
2009-10-28,185.6223
2009-10-29,185.4513
2009-10-30,185.9512
2009-11-02,185.8657
2009-11-03,185.9827
2009-11-04,186.057
2009-11-05,186.0556
2009-11-06,186.6305
2009-11-09,187.0936
2009-11-10,187.5145
2009-11-11,187.6932
2009-11-12,187.7257
2009-11-13,187.9625
2009-11-16,188.0567
2009-11-17,188.7414
2009-11-18,188.5137
2009-11-19,188.5011
2009-11-20,188.3058
2009-11-23,188.0032
2009-11-24,187.9525
2009-11-25,187.3599
2009-11-26,187.2338
2009-11-27,186.4764
2009-11-30,185.9264
2009-12-01,186.5147
2009-12-02,186.8251
2009-12-03,186.9542
2009-12-04,187.5217
2009-12-07,187.7376
2009-12-08,188.0836
2009-12-09,187.9233
2009-12-10,188.0435
2009-12-11,188.299
2009-12-14,188.7242
2009-12-15,189.0191
2009-12-16,189.6998
2009-12-17,189.997
2009-12-18,190.5244
2009-12-21,190.5342
2009-12-22,190.4645
2009-12-23,190.3534
2009-12-24,190.2311
2009-12-29,190.3734
2009-12-30,190.9098
2009-12-31,191.15
2010-01-04,192.1818
2010-01-05,193.2905
2010-01-06,194.7409
2010-01-07,196.0325
2010-01-08,197.1657
2010-01-11,198.3345
2010-01-12,198.8232
2010-01-13,198.6513
2010-01-14,198.9211
2010-01-15,199.3478
2010-01-18,199.3592
2010-01-19,199.7437
2010-01-20,199.9193
2010-01-21,199.6674
2010-01-22,198.4508
2010-01-25,198.5793
2010-01-26,198.3639
2010-01-27,198.5064
2010-01-28,198.7038
2010-01-29,198.4871
2010-02-01,197.7582
2010-02-02,198.0022
2010-02-03,198.5072
2010-02-04,198.4116
2010-02-05,197.3653
2010-02-08,197.2849
2010-02-09,196.7278
2010-02-10,196.8074
2010-02-11,197.0522
2010-02-12,196.0067
2010-02-15,195.7503
2010-02-16,195.128
2010-02-17,196.1691
2010-02-18,196.5874
2010-02-19,196.7981
2010-02-22,197.7232
2010-02-23,197.9172
2010-02-24,197.8508
2010-02-25,197.9546
2010-02-26,197.8434
2010-03-01,198.3208
2010-03-02,198.7909
2010-03-03,199.4871
2010-03-04,200.2757
2010-03-05,200.9396
2010-03-08,201.8476
2010-03-09,202.0688
2010-03-10,202.4199
2010-03-11,202.9329
2010-03-12,203.2538
2010-03-15,203.5814
2010-03-16,203.9596
2010-03-17,204.9976
2010-03-18,205.524
2010-03-19,205.3523
2010-03-22,205.4345
2010-03-23,205.6555
2010-03-24,206.306
2010-03-25,206.5331
2010-03-26,206.7506
2010-03-29,207.275
2010-03-30,208.1356
2010-03-31,208.342
2010-04-01,208.8684
2010-04-06,209.5718
2010-04-07,209.7587
2010-04-08,209.7547
2010-04-09,210.1451
2010-04-12,210.413
2010-04-13,211.2959
2010-04-14,211.9506
2010-04-15,212.5337
2010-04-16,212.9957
2010-04-19,213.0187
2010-04-20,213.482
2010-04-21,214.151
2010-04-22,214.1719
2010-04-23,213.7258
2010-04-26,214.3115
2010-04-27,213.7115
2010-04-28,212.1546
2010-04-29,212.3746
2010-04-30,212.8722
2010-05-04,213.1674
2010-05-05,212.1216
2010-05-06,210.4075
2010-05-07,205.8428
2010-05-10,209.1155
2010-05-11,208.6368
2010-05-12,209.3585
2010-05-13,209.9141
2010-05-14,209.4803
2010-05-17,208.7318
2010-05-18,208.5129
2010-05-19,206.8274
2010-05-20,205.4323
2010-05-21,202.2391
2010-05-24,202.8982
2010-05-25,201.1682
2010-05-26,201.6369
2010-05-27,203.0292
2010-05-28,203.813
2010-05-31,204.2535
2010-06-01,204.2885
2010-06-02,204.39
2010-06-03,205.256
2010-06-04,205.6328
2010-06-07,204.2381
2010-06-08,203.1995
2010-06-09,202.9439
2010-06-10,202.8739
2010-06-11,203.1607
2010-06-14,203.8588
2010-06-15,204.0982
2010-06-16,204.9457
2010-06-17,205.4406
2010-06-18,206.0016
2010-06-21,207.5398
2010-06-22,207.8327
2010-06-23,207.8461
2010-06-24,207.3091
2010-06-25,207.1419
2010-06-28,207.5462
2010-06-29,207.2711
2010-06-30,206.6653
2010-07-01,206.1541
2010-07-02,206.1126
2010-07-05,206.4879
2010-07-06,206.8201
2010-07-07,206.8566
2010-07-08,207.3851
2010-07-09,207.937
2010-07-12,208.3373
2010-07-13,208.7191
2010-07-14,209.5569
2010-07-15,209.5067
2010-07-16,209.4888
2010-07-19,209.179
2010-07-20,209.798
2010-07-21,210.4742
2010-07-22,211.1268
2010-07-23,212.2496
2010-07-26,212.5902
2010-07-27,213.6394
2010-07-28,213.8498
2010-07-29,214.1748
2010-07-30,215.0063
2010-08-02,215.4995
2010-08-03,216.5038
2010-08-04,216.8713
2010-08-05,217.0345
2010-08-06,217.1823
2010-08-09,217.6049
2010-08-10,217.4402
2010-08-11,217.5205
2010-08-12,216.9794
2010-08-13,217.17
2010-08-16,217.397
2010-08-17,217.3449
2010-08-18,217.7447
2010-08-19,218.4462
2010-08-20,218.8428
2010-08-23,219.3308
2010-08-24,219.1028
2010-08-25,218.8851
2010-08-26,218.7831
2010-08-27,218.2661
2010-08-31,218.1377
2010-09-01,218.3051
2010-09-02,218.907
2010-09-03,219.251
2010-09-06,219.701
2010-09-07,220.04
2010-09-08,220.2901
2010-09-09,220.6769
2010-09-10,220.841
2010-09-13,221.9201
2010-09-14,222.7952
2010-09-15,223.5757
2010-09-16,223.3654
2010-09-17,223.7636
2010-09-20,223.8334
2010-09-21,223.9854
2010-09-22,223.6132
2010-09-23,223.5945
2010-09-24,223.2925
2010-09-27,223.6766
2010-09-28,223.4875
2010-09-29,223.6662
2010-09-30,223.6837
2010-10-01,223.7474
2010-10-04,224.6122
2010-10-05,224.7385
2010-10-06,225.3202
2010-10-07,225.9635
2010-10-08,226.3474
2010-10-11,226.8963
2010-10-12,227.0638
2010-10-13,227.3204
2010-10-14,227.5313
2010-10-15,227.5493
2010-10-18,227.0458
2010-10-19,227.2373
2010-10-20,226.9701
2010-10-21,226.9384
2010-10-22,227.0474
2010-10-25,227.5079
2010-10-26,228.0017
2010-10-27,227.9415
2010-10-28,228.1095
2010-10-29,228.3609
2010-11-01,228.6656
2010-11-02,228.0687
2010-11-03,228.0738
2010-11-04,227.8428
2010-11-05,227.945
2010-11-08,227.8113
2010-11-09,227.2637
2010-11-10,227.2827
2010-11-11,226.1282
2010-11-12,225.4845
2010-11-15,225.896
2010-11-16,225.4665
2010-11-17,225.0959
2010-11-18,224.9729
2010-11-19,224.5545
2010-11-22,224.7518
2010-11-23,223.2913
2010-11-24,222.0171
2010-11-25,221.8323
2010-11-26,220.846
2010-11-29,220.5795
2010-11-30,218.8551
2010-12-01,219.2819
2010-12-02,219.6718
2010-12-03,220.2729
2010-12-06,221.0873
2010-12-07,221.6144
2010-12-08,221.7011
2010-12-09,221.7623
2010-12-10,221.6383
2010-12-13,221.2327
2010-12-14,220.9988
2010-12-15,220.8287
2010-12-16,221.1643
2010-12-17,221.1244
2010-12-20,221.549
2010-12-21,221.4793
2010-12-22,221.5917
2010-12-23,221.8828
2010-12-24,221.8758
2010-12-29,222.0591
2010-12-30,221.8058
2010-12-31,222.074
2011-01-03,222.0095
2011-01-04,223.4547
2011-01-05,224.1643
2011-01-06,224.6768
2011-01-07,225.0057
2011-01-10,224.653
2011-01-11,224.8934
2011-01-12,225.3435
2011-01-13,226.0539
2011-01-14,226.4489
2011-01-17,227.0108
2011-01-18,227.3521
2011-01-19,227.3446
2011-01-20,227.115
2011-01-21,227.1724
2011-01-24,227.5508
2011-01-25,227.6423
2011-01-26,227.7722
2011-01-27,227.5952
2011-01-28,227.7138
2011-01-31,227.7646
2011-02-01,228.5352
2011-02-02,228.9791
2011-02-03,229.48
2011-02-04,229.4918
2011-02-07,230.185
2011-02-08,230.0989
2011-02-09,230.1554
2011-02-10,230.2314
2011-02-11,230.12
2011-02-14,230.6328
2011-02-15,230.8269
2011-02-16,231.1187
2011-02-17,231.7263
2011-02-18,231.8283
2011-02-21,232.1121
2011-02-22,231.9907
2011-02-23,231.9593
2011-02-24,231.4834
2011-02-25,231.7351
2011-02-28,232.4096
2011-03-01,232.6987
2011-03-02,232.5448
2011-03-03,232.2683
2011-03-04,232.092
2011-03-07,232.0726
2011-03-08,232.2433
2011-03-09,232.2273
2011-03-10,231.8654
2011-03-11,231.0858
2011-03-14,231.1336
2011-03-15,229.9349
2011-03-16,229.7419
2011-03-17,229.5067
2011-03-18,229.666
2011-03-21,230.2342
2011-03-22,230.3208
2011-03-23,230.2632
2011-03-24,230.0854
2011-03-25,230.2322
2011-03-28,230.5044
2011-03-29,230.8079
2011-03-30,231.0343
2011-03-31,230.4749
2011-04-01,231.175
2011-04-04,232.0573
2011-04-05,232.4937
2011-04-06,233.0259
2011-04-07,233.4933
2011-04-08,233.3508
2011-04-11,233.6184
2011-04-12,233.1215
2011-04-13,233.1678
2011-04-14,233.2339
2011-04-15,233.2749
2011-04-18,233.49
2011-04-19,233.1601
2011-04-20,233.1946
2011-04-21,233.5819
2011-04-26,233.5284
2011-04-27,233.6161
2011-04-28,233.7419
2011-04-29,233.9033
2011-05-02,233.867
2011-05-03,233.9219
2011-05-04,234.2044
2011-05-05,234.6526
2011-05-06,234.9089
2011-05-09,235.4803
2011-05-10,235.4572
2011-05-11,235.885
2011-05-12,235.765
2011-05-13,235.7023
2011-05-16,235.8777
2011-05-17,236.0789
2011-05-18,235.8015
2011-05-19,235.918
2011-05-20,236.1699
2011-05-23,236.0377
2011-05-24,235.855
2011-05-25,235.9171
2011-05-26,235.9284
2011-05-27,235.8151
2011-05-31,235.4486
2011-06-01,235.1314
2011-06-02,234.7323
2011-06-03,234.4148
2011-06-06,234.233
2011-06-07,234.2669
2011-06-08,234.2013
2011-06-09,234.1652
2011-06-10,234.1237
2011-06-13,233.5204
2011-06-14,233.2493
2011-06-15,233.0577
2011-06-16,231.754
2011-06-17,231.3461
2011-06-20,231.3304
2011-06-21,231.455
2011-06-22,231.2251
2011-06-23,230.924
2011-06-24,230.6792
2011-06-27,229.6013
2011-06-28,229.5323
2011-06-29,229.9141
2011-06-30,230.3028
2011-07-01,230.9198
2011-07-04,231.2333
2011-07-05,231.5071
2011-07-06,231.2073
2011-07-07,230.7622
2011-07-08,231.1773
2011-07-11,230.5957
2011-07-12,229.3287
2011-07-13,229.5954
2011-07-14,229.6081
2011-07-15,229.4809
2011-07-18,228.9304
2011-07-19,228.5183
2011-07-20,228.7641
2011-07-21,229.4808
2011-07-22,230.7625
2011-07-25,230.878
2011-07-26,230.7315
2011-07-27,230.6961
2011-07-28,230.4705
2011-07-29,230.5001
2011-08-01,230.9052
2011-08-02,229.8885
2011-08-03,228.78
2011-08-04,228.003
2011-08-05,225.3113
2011-08-08,223.555
2011-08-09,219.373
2011-08-10,219.6629
2011-08-11,216.6628
2011-08-12,216.9699
2011-08-15,217.8322
2011-08-16,217.8253
2011-08-17,219.0463
2011-08-18,219.0873
2011-08-19,217.7256
2011-08-22,216.8956
2011-08-23,215.7153
2011-08-24,213.6378
2011-08-25,213.9194
2011-08-26,213.3524
2011-08-30,213.8075
2011-08-31,215.6627
2011-09-01,216.6911
2011-09-02,216.4457
2011-09-05,215.0775
2011-09-06,213.7533
2011-09-07,213.6284
2011-09-08,213.7448
2011-09-09,213.2918
2011-09-12,210.2953
2011-09-13,208.8314
2011-09-14,208.6431
2011-09-15,209.4161
2011-09-16,210.3003
2011-09-19,209.6843
2011-09-20,209.2564
2011-09-21,208.9657
2011-09-22,206.9817
2011-09-23,206.2995
2011-09-26,206.2827
2011-09-27,207.0649
2011-09-28,206.8308
2011-09-29,206.9069
2011-09-30,207.1052
2011-10-03,205.8494
2011-10-04,203.3493
2011-10-05,203.0722
2011-10-06,203.5134
2011-10-07,204.2176
2011-10-10,205.0635
2011-10-11,206.3697
2011-10-12,207.7332
2011-10-13,209.1166
2011-10-14,209.7263
2011-10-17,211.9234
2011-10-18,211.3065
2011-10-19,212.3529
2011-10-20,212.8162
2011-10-21,213.5729
2011-10-24,214.6745
2011-10-25,215.6716
2011-10-26,216.3443
2011-10-27,219.4943
2011-10-28,221.0555
2011-10-31,220.9855
2011-11-01,217.2769
2011-11-02,217.101
2011-11-03,217.234
2011-11-04,218.2727
2011-11-07,217.8555
2011-11-08,218.1657
2011-11-09,217.4773
2011-11-10,216.4282
2011-11-11,216.7518
2011-11-14,217.3351
2011-11-15,216.3946
2011-11-16,215.8142
2011-11-17,215.6544
2011-11-18,215.0063
2011-11-21,214.332
2011-11-22,213.2052
2011-11-23,211.3762
2011-11-24,210.4927
2011-11-25,209.8192
2011-11-28,209.7613
2011-11-29,209.4023
2011-11-30,209.6732
2011-12-01,210.405
2011-12-02,211.2398
2011-12-05,213.2854
2011-12-06,213.9177
2011-12-07,214.9951
2011-12-08,215.1169
2011-12-09,214.486
2011-12-12,214.7943
2011-12-13,214.5488
2011-12-14,214.0251
2011-12-15,214.0884
2011-12-16,214.3946
2011-12-19,214.7458
2011-12-20,215.0653
2011-12-21,215.755
2011-12-22,215.9906
2011-12-23,216.1526
2011-12-28,216.3818
2011-12-29,216.511
2011-12-30,216.7753
2012-01-03,218.5061
2012-01-04,219.5193
2012-01-05,219.685
2012-01-06,219.9994
2012-01-09,220.1928
2012-01-10,220.7961
2012-01-11,221.1163
2012-01-12,221.5093
2012-01-13,222.4343
2012-01-16,222.6936
2012-01-17,223.6005
2012-01-18,224.1469
2012-01-19,225.1087
2012-01-20,225.6664
2012-01-23,226.1745
2012-01-24,226.9193
2012-01-25,228.0696
2012-01-26,229.4225
2012-01-27,230.1454
2012-01-30,229.9592
2012-01-31,230.7144
2012-02-01,231.7919
2012-02-02,232.6697
2012-02-03,233.7641
2012-02-06,234.1879
2012-02-07,234.1059
2012-02-08,234.4852
2012-02-09,234.6141
2012-02-10,234.7405
2012-02-13,235.0397
2012-02-14,235.0005
2012-02-15,234.9259
2012-02-16,234.2134
2012-02-17,234.9078
2012-02-20,235.7065
2012-02-21,236.3983
2012-02-22,236.5606
2012-02-23,237.1933
2012-02-24,237.8973
2012-02-27,238.2104
2012-02-28,238.7955
2012-02-29,240.3207
2012-03-01,241.3093
2012-03-02,242.069
2012-03-05,242.0144
2012-03-06,241.0187
2012-03-07,240.6562
2012-03-08,241.19
2012-03-09,241.8759
2012-03-12,242.1848
2012-03-13,243.0666
2012-03-14,244.022
2012-03-15,244.0553
2012-03-16,244.5411
2012-03-19,244.9481
2012-03-20,244.8317
2012-03-21,244.9305
2012-03-22,244.0963
2012-03-23,243.5821
2012-03-26,243.6962
2012-03-27,244.166
2012-03-28,244.1154
2012-03-29,243.8537
2012-03-30,243.7708
2012-04-02,243.8075
2012-04-03,243.7794
2012-04-04,243.2219
2012-04-05,242.1392
2012-04-10,240.6335
2012-04-11,239.8427
2012-04-12,240.3553
2012-04-13,240.6107
2012-04-16,240.1982
2012-04-17,240.6043
2012-04-18,241.0121
2012-04-19,241.0837
2012-04-20,240.854
2012-04-23,240.8436
2012-04-24,241.0726
2012-04-25,241.9711
2012-04-26,242.3181
2012-04-27,242.7162
2012-04-30,243.564
2012-05-01,243.6559
2012-05-02,244.7237
2012-05-03,245.1313
2012-05-04,245.5825
2012-05-08,245.4541
2012-05-09,244.4519
2012-05-10,244.7248
2012-05-11,244.5576
2012-05-14,243.8992
2012-05-15,242.9079
2012-05-16,241.2698
2012-05-17,240.4968
2012-05-18,238.8413
2012-05-21,238.5011
2012-05-22,239.5482
2012-05-23,239.1916
2012-05-24,238.7241
2012-05-25,238.872
2012-05-28,239.3481
2012-05-29,239.5361
2012-05-30,238.9676
2012-05-31,238.4049
2012-06-01,237.7387
2012-06-06,237.7407
2012-06-07,238.6253
2012-06-08,238.8959
2012-06-11,240.1704
2012-06-12,239.9385
2012-06-13,239.4605
2012-06-14,239.1115
2012-06-15,239.7872
2012-06-18,240.621
2012-06-19,240.6168
2012-06-20,241.4633
2012-06-21,242.135
2012-06-22,242.2987
2012-06-25,242.6941
2012-06-26,242.5184
2012-06-27,242.4781
2012-06-28,242.4242
2012-06-29,243.1575
2012-07-02,244.6678
2012-07-03,245.5881
2012-07-04,246.0815
2012-07-05,246.6634
2012-07-06,246.8535
2012-07-09,246.7078
2012-07-10,247.2028
2012-07-11,247.5279
2012-07-12,247.5358
2012-07-13,247.3542
2012-07-16,247.4088
2012-07-17,247.4529
2012-07-18,248.0478
2012-07-19,248.9702
2012-07-20,249.3034
2012-07-23,247.74
2012-07-24,247.2016
2012-07-25,246.5718
2012-07-26,246.9481
2012-07-27,247.4493
2012-07-30,249.0898
2012-07-31,249.6607
2012-08-01,250.2006
2012-08-02,250.8891
2012-08-03,251.1375
2012-08-06,252.2382
2012-08-07,253.0476
2012-08-08,253.701
2012-08-09,254.4151
2012-08-10,254.5242
2012-08-13,254.4955
2012-08-14,254.7072
2012-08-15,254.8266
2012-08-16,254.9784
2012-08-17,255.2974
2012-08-20,255.6066
2012-08-21,255.8489
2012-08-22,256.0407
2012-08-23,255.7224
2012-08-24,255.3782
2012-08-28,255.5978
2012-08-29,255.826
2012-08-30,255.9891
2012-08-31,255.9661
2012-09-03,256.3484
2012-09-04,256.7433
2012-09-05,256.9128
2012-09-06,257.5925
2012-09-07,259.0274
2012-09-10,259.8582
2012-09-11,260.0228
2012-09-12,260.8771
2012-09-13,261.0742
2012-09-14,261.9927
2012-09-17,262.7523
2012-09-18,262.7278
2012-09-19,263.0753
2012-09-20,262.9199
2012-09-21,263.0688
2012-09-24,263.1268
2012-09-25,262.92
2012-09-26,261.9485
2012-09-27,261.8634
2012-09-28,262.1165
2012-10-01,262.0878
2012-10-02,262.5624
2012-10-03,263.0562
2012-10-04,263.5878
2012-10-05,263.7926
2012-10-08,263.9026
2012-10-09,264.0857
2012-10-10,263.7871
2012-10-11,263.9822
2012-10-12,264.4405
2012-10-15,265.1419
2012-10-16,265.7827
2012-10-17,267.0819
2012-10-18,267.3807
2012-10-19,267.5135
2012-10-22,267.5186
2012-10-23,267.379
2012-10-24,267.1229
2012-10-25,267.6079
2012-10-26,266.9043
2012-10-29,266.7469
2012-10-30,266.7679
2012-10-31,267.4063
2012-11-01,267.9052
2012-11-02,268.1096
2012-11-05,268.4431
2012-11-06,268.836
2012-11-07,269.4974
2012-11-08,269.7559
2012-11-09,269.4076
2012-11-12,269.4886
2012-11-13,269.3956
2012-11-14,269.424
2012-11-15,269.165
2012-11-16,269.158
2012-11-19,269.3132
2012-11-20,269.4977
2012-11-21,269.8902
2012-11-22,270.2615
2012-11-23,270.5008
2012-11-26,270.8451
2012-11-27,271.2265
2012-11-28,271.4729
2012-11-29,271.8689
2012-11-30,272.1538
2012-12-03,272.6677
2012-12-04,273.247
2012-12-05,273.9808
2012-12-06,274.6101
2012-12-07,274.8226
2012-12-10,274.5501
2012-12-11,274.8033
2012-12-12,275.2014
2012-12-13,275.7002
2012-12-14,276.1366
2012-12-17,276.4939
2012-12-18,276.9372
2012-12-19,277.2451
2012-12-20,277.5743
2012-12-21,277.6999
2012-12-24,277.6213
2012-12-27,277.8159
2012-12-28,278.0305
2012-12-31,278.5269
2013-01-02,279.4828
2013-01-03,280.7934
2013-01-04,281.1628
2013-01-07,282.0467
2013-01-08,282.8452
2013-01-09,283.4068
2013-01-10,283.327
2013-01-11,283.2744
2013-01-14,283.0878
2013-01-15,282.5415
2013-01-16,282.139
2013-01-17,282.096
2013-01-18,282.2303
2013-01-21,282.2526
2013-01-22,282.2577
2013-01-23,281.8427
2013-01-24,280.3625
2013-01-25,280.3035
2013-01-28,280.253
2013-01-29,279.5467
2013-01-30,278.3385
2013-01-31,277.6153
2013-02-01,276.3812
2013-02-04,276.4382
2013-02-05,276.192
2013-02-06,276.3972
2013-02-07,277.1046
2013-02-08,277.5958
2013-02-11,277.4138
2013-02-12,277.3297
2013-02-13,277.7552
2013-02-14,278.2316
2013-02-15,278.3609
2013-02-18,278.4573
2013-02-19,278.5797
2013-02-20,278.6643
2013-02-21,278.9087
2013-02-22,279.2151
2013-02-25,279.0828
2013-02-26,278.622
2013-02-27,278.4028
2013-02-28,279.08
2013-03-01,278.9079
2013-03-04,279.1925
2013-03-05,279.78
2013-03-06,280.1167
2013-03-07,280.1714
2013-03-08,280.6136
2013-03-11,280.7529
2013-03-12,280.9669
2013-03-13,281.3702
2013-03-14,281.8003
2013-03-15,281.9748
2013-03-18,281.7502
2013-03-19,282.1042
2013-03-20,281.8292
2013-03-21,282.1768
2013-03-22,282.0018
2013-03-25,282.5325
2013-03-26,282.388
2013-03-27,282.0775
2013-03-28,281.9677
2013-04-02,281.9857
2013-04-03,282.5937
2013-04-04,282.9788
2013-04-05,283.0451
2013-04-08,283.3391
2013-04-09,283.6003
2013-04-10,284.2152
2013-04-11,284.9254
2013-04-12,285.0346
2013-04-15,285.0783
2013-04-16,284.8681
2013-04-17,285.1961
2013-04-18,285.1367
2013-04-19,285.1353
2013-04-22,285.7068
2013-04-23,286.2597
2013-04-24,286.7557
2013-04-25,287.4507
2013-04-26,287.8084
2013-04-29,288.4469
2013-04-30,289.0252
2013-05-01,289.046
2013-05-02,289.5332
2013-05-03,289.8799
2013-05-07,290.6619
2013-05-08,290.9699
2013-05-09,291.0722
2013-05-10,290.6839
2013-05-13,290.5373
2013-05-14,290.0235
2013-05-15,290.2383
2013-05-16,290.6863
2013-05-17,290.8304
2013-05-20,291.1538
2013-05-21,290.8743
2013-05-22,290.9446
2013-05-23,290.4043
2013-05-24,290.4271
2013-05-28,290.5884
2013-05-29,289.9244
2013-05-30,289.5317
2013-05-31,289.2138
2013-06-03,288.5038
2013-06-04,288.465
2013-06-05,287.8329
2013-06-06,286.5945
2013-06-07,286.2208
2013-06-10,286.6241
2013-06-11,285.3093
2013-06-12,285.3871
2013-06-13,284.603
2013-06-14,285.1574
2013-06-17,285.7746
2013-06-18,285.4251
2013-06-19,285.7255
2013-06-20,283.8727
2013-06-21,283.3155
2013-06-24,281.707
2013-06-25,281.3831
2013-06-26,282.0853
2013-06-27,282.774
2013-06-28,282.9587
2013-07-01,283.2239
2013-07-02,283.2143
2013-07-03,282.6637
2013-07-04,282.8473
2013-07-05,283.2169
2013-07-08,284.0045
2013-07-09,284.7442
2013-07-10,284.7682
2013-07-11,285.1868
2013-07-12,285.1999
2013-07-15,285.3604
2013-07-16,285.4358
2013-07-17,285.9225
2013-07-18,286.343
2013-07-19,286.6416
2013-07-22,287.4729
2013-07-23,287.8797
2013-07-24,287.8688
2013-07-25,287.5461
2013-07-26,287.7009
2013-07-29,287.9455
2013-07-30,287.8755
2013-07-31,287.739
2013-08-01,288.3707
2013-08-02,288.7344
2013-08-05,289.2708
2013-08-06,289.4727
2013-08-07,289.8556
2013-08-08,289.8507
2013-08-09,290.0342
2013-08-12,290.3447
2013-08-13,290.6938
2013-08-14,290.8923
2013-08-15,290.87
2013-08-16,290.6317
2013-08-19,290.5805
2013-08-20,289.8049
2013-08-21,289.823
2013-08-22,289.4478
2013-08-23,289.3917
2013-08-27,289.362
2013-08-28,289.343
2013-08-29,289.8751
2013-08-30,290.0501
2013-09-02,290.485
2013-09-03,290.7438
2013-09-04,290.9368
2013-09-05,291.1124
2013-09-06,291.1655
2013-09-09,291.345
2013-09-10,291.595
2013-09-11,291.9551
2013-09-12,291.9989
2013-09-13,292.3255
2013-09-16,292.6503
2013-09-17,292.6825
2013-09-18,293.1009
2013-09-19,293.7154
2013-09-20,293.7068
2013-09-23,293.9865
2013-09-24,293.9048
2013-09-25,294.1816
2013-09-26,294.1678
2013-09-27,294.3812
2013-09-30,294.3428
2013-10-01,294.6756
2013-10-02,294.933
2013-10-03,294.935
2013-10-04,295.0218
2013-10-07,295.5838
2013-10-08,295.7685
2013-10-09,295.6362
2013-10-10,296.0236
2013-10-11,296.262
2013-10-14,296.7734
2013-10-15,297.3446
2013-10-16,297.5677
2013-10-17,298.0395
2013-10-18,298.436
2013-10-21,298.7936
2013-10-22,298.9147
2013-10-23,298.904
2013-10-24,298.7887
2013-10-25,298.8294
2013-10-28,298.997
2013-10-29,299.1235
2013-10-30,299.5941
2013-10-31,300.4005
2013-11-01,300.5352
2013-11-04,300.9868
2013-11-05,301.4975
2013-11-06,301.5816
2013-11-07,302.3573
2013-11-08,302.1553
2013-11-11,302.1117
2013-11-12,301.8416
2013-11-13,301.7536
2013-11-14,301.9426
2013-11-15,302.0004
2013-11-18,302.2257
2013-11-19,302.1633
2013-11-20,302.7586
2013-11-21,302.7293
2013-11-22,302.7138
2013-11-25,302.9226
2013-11-26,302.8594
2013-11-27,303.3032
2013-11-28,303.7336
2013-11-29,304.112
2013-12-02,304.4144
2013-12-03,304.6087
2013-12-04,304.3582
2013-12-05,303.7667
2013-12-06,303.7484
2013-12-09,303.9176
2013-12-10,304.0561
2013-12-11,303.9232
2013-12-12,303.9393
2013-12-13,303.9453
2013-12-16,304.1177
2013-12-17,304.1635
2013-12-18,304.5776
2013-12-19,305.1587
2013-12-20,305.2396
2013-12-23,305.2893
2013-12-24,305.5494
2013-12-27,305.5785
2013-12-30,305.811
2013-12-31,306.1138
2014-01-02,306.5265
2014-01-03,307.0728
2014-01-06,307.5641
2014-01-07,308.1476
2014-01-08,308.4721
2014-01-09,308.5786
2014-01-10,308.4129
2014-01-13,308.5099
2014-01-14,308.4442
2014-01-15,308.6467
2014-01-16,308.9294
2014-01-17,309.6291
2014-01-20,309.8172
2014-01-21,310.2327
2014-01-22,310.5424
2014-01-23,310.0924
2014-01-24,308.8742
2014-01-27,308.7848
2014-01-28,309.0554
2014-01-29,309.2098
2014-01-30,309.1607
2014-01-31,309.2665
2014-02-03,308.8425
2014-02-04,308.5656
2014-02-05,308.8657
2014-02-06,308.9341
2014-02-07,309.5933
2014-02-10,309.974
2014-02-11,310.5701
2014-02-12,311.3942
2014-02-13,311.3341
2014-02-14,311.7525
2014-02-17,311.973
2014-02-18,312.0166
2014-02-19,312.3624
2014-02-20,312.3435
2014-02-21,312.6511
2014-02-24,312.9203
2014-02-25,313.4695
2014-02-26,313.8499
2014-02-27,314.1502
2014-02-28,314.1506
2014-03-03,314.2105
2014-03-04,314.4952
2014-03-05,315.0412
2014-03-06,314.8448
2014-03-07,315.0152
2014-03-10,314.8674
2014-03-11,314.9836
2014-03-12,314.5837
2014-03-13,314.7225
2014-03-14,314.0641
2014-03-17,314.3844
2014-03-18,314.422
2014-03-19,314.7841
2014-03-20,314.7813
2014-03-21,314.8737
2014-03-24,315.0715
2014-03-25,315.0892
2014-03-26,315.3198
2014-03-27,315.7687
2014-03-28,315.9099
2014-03-31,316.1592
2014-04-01,316.1695
2014-04-02,316.5054
2014-04-03,316.6886
2014-04-04,317.1385
2014-04-07,317.2215
2014-04-08,317.467
2014-04-09,317.5279
2014-04-10,317.6826
2014-04-11,317.4247
2014-04-14,317.7338
2014-04-15,317.8096
2014-04-16,318.0048
2014-04-17,317.9425
2014-04-22,318.4313
2014-04-23,318.4122
2014-04-24,318.6705
2014-04-25,318.7544
2014-04-28,318.8471
2014-04-29,319.2014
2014-04-30,319.3918
2014-05-01,319.4853
2014-05-02,319.5929
2014-05-06,320.0268
2014-05-07,320.1091
2014-05-08,320.7151
2014-05-09,320.9763
2014-05-12,321.3622
2014-05-13,321.8411
2014-05-14,321.6667
2014-05-15,321.4136
2014-05-16,321.0823
2014-05-19,321.0735
2014-05-20,321.0709
2014-05-21,320.8985
2014-05-22,320.9863
2014-05-23,321.1509
2014-05-27,321.9331
2014-05-28,321.9204
2014-05-29,321.9788
2014-05-30,322.0542
2014-06-02,322.2404
2014-06-03,322.1724
2014-06-04,322.3276
2014-06-05,322.8901
2014-06-06,323.8514
2014-06-09,324.5804
2014-06-10,324.7472
2014-06-11,324.8451
2014-06-12,325.0785
2014-06-13,325.5032
2014-06-16,325.4397
2014-06-17,325.4807
2014-06-18,325.3184
2014-06-19,325.9792
2014-06-20,326.0864
2014-06-23,326.0874
2014-06-24,325.9314
2014-06-25,325.6269
2014-06-26,325.773
2014-06-27,325.1075
2014-06-30,324.5796
2014-07-01,324.6488
2014-07-02,325.0125
2014-07-03,325.2946
2014-07-04,325.3872
2014-07-07,325.4223
2014-07-08,325.0582
2014-07-09,324.553
2014-07-10,323.9115
2014-07-11,323.9802
2014-07-14,323.8467
2014-07-15,324.0912
2014-07-16,324.5063
2014-07-17,324.5404
2014-07-18,324.2479
2014-07-21,324.2227
2014-07-22,324.3993
2014-07-23,324.6866
2014-07-24,324.5181
2014-07-25,324.7292
2014-07-28,324.9701
2014-07-29,324.9318
2014-07-30,324.8698
2014-07-31,324.1733
2014-08-01,322.8708
2014-08-04,322.5345
2014-08-05,322.6168
2014-08-06,321.7092
2014-08-07,321.6536
2014-08-08,320.1908
2014-08-11,320.9756
2014-08-12,321.6366
2014-08-13,321.7513
2014-08-14,322.2935
2014-08-15,322.7285
2014-08-18,323.2323
2014-08-19,323.7024
2014-08-20,324.133
2014-08-21,324.2782
2014-08-22,324.5818
2014-08-26,325.5153
2014-08-27,325.9305
2014-08-28,325.9131
2014-08-29,326.1374
2014-09-01,325.9407
2014-09-02,325.615
2014-09-03,325.098
2014-09-04,325.5674
2014-09-05,325.5347
2014-09-08,325.0793
2014-09-09,324.7389
2014-09-10,324.6495
2014-09-11,325.0682
2014-09-12,325.1236
2014-09-15,324.9222
2014-09-16,324.461
2014-09-17,324.9232
2014-09-18,325.4946
2014-09-19,326.0844
2014-09-22,326.2209
2014-09-23,325.657
2014-09-24,325.6816
2014-09-25,325.6709
2014-09-26,324.8607
2014-09-29,324.2148
2014-09-30,324.3992
2014-10-01,324.7941
2014-10-02,323.9554
2014-10-03,324.1453
2014-10-06,324.5459
2014-10-07,324.1904
2014-10-08,323.5034
2014-10-09,323.7944
2014-10-10,323.0628
2014-10-13,322.2198
2014-10-14,321.6587
2014-10-15,320.6307
2014-10-16,318.4634
2014-10-17,320.1926
2014-10-20,320.5561
2014-10-21,321.6265
2014-10-22,322.4141
2014-10-23,322.7641
2014-10-24,323.2267
2014-10-27,323.7663
2014-10-28,323.7058
2014-10-29,323.8211
2014-10-30,323.6768
2014-10-31,324.244
2014-11-03,324.6183
2014-11-04,324.5345
2014-11-05,324.982
2014-11-06,325.3583
2014-11-07,325.5609
2014-11-10,325.9467
2014-11-11,326.5198
2014-11-12,326.1983
2014-11-13,325.9193
2014-11-14,324.9818
2014-11-17,325.2644
2014-11-18,324.9088
2014-11-19,324.5691
2014-11-20,324.3571
2014-11-21,325.233
2014-11-24,325.603
2014-11-25,325.781
2014-11-26,326.069
2014-11-27,326.3895
2014-11-28,326.4286
2014-12-01,326.5214
2014-12-02,326.7267
2014-12-03,327.5788
2014-12-04,327.2673
2014-12-05,327.8067
2014-12-08,328.1743
2014-12-09,327.3833
2014-12-10,326.8526
2014-12-11,326.6406
2014-12-12,325.8248
2014-12-15,325.4526
2014-12-16,324.5065
2014-12-17,324.6425
2014-12-18,325.9776
2014-12-19,326.3003
2014-12-22,326.585
2014-12-23,326.5958
2014-12-24,326.6737
2014-12-29,326.8154
2014-12-30,327.102
2014-12-31,327.5972
2015-01-02,327.4342
2015-01-05,327.441
2015-01-06,326.9621
2015-01-07,327.0055
2015-01-08,327.5054
2015-01-09,327.875
2015-01-12,328.1306
2015-01-13,328.6251
2015-01-14,328.8415
2015-01-15,330.3548
2015-01-16,330.7154
2015-01-19,330.345
2015-01-20,331.1891
2015-01-21,331.0355
2015-01-22,332.3813
2015-01-23,334.5112
2015-01-26,334.4814
2015-01-27,334.1004
2015-01-28,334.0779
2015-01-29,333.6467
2015-01-30,333.8872
2015-02-02,333.3891
2015-02-03,333.8812
2015-02-04,334.6737
2015-02-05,334.9145
2015-02-06,335.8202
2015-02-09,335.6368
2015-02-10,336.0617
2015-02-11,336.2358
2015-02-12,336.5286
2015-02-13,337.1464
2015-02-16,337.2967
2015-02-17,337.1619
2015-02-18,338.1764
2015-02-19,338.1189
2015-02-20,338.3595
2015-02-23,339.4852
2015-02-24,340.2866
2015-02-25,340.7541
2015-02-26,341.7323
2015-02-27,342.4134
2015-03-02,342.4258
2015-03-03,342.6634
2015-03-04,342.7287
2015-03-05,343.1967
2015-03-06,343.6484
2015-03-09,343.8369
2015-03-10,344.5201
2015-03-11,344.7334
2015-03-12,344.3802
2015-03-13,344.2224
2015-03-16,343.7495
2015-03-17,342.4729
2015-03-18,341.7213
2015-03-19,341.9446
2015-03-20,341.9115
2015-03-23,341.1795
2015-03-24,340.9356
2015-03-25,340.7935
2015-03-26,340.8954
2015-03-27,341.8201
2015-03-30,342.1023
2015-03-31,342.9463
2015-04-01,342.8774
2015-04-02,342.2905
2015-04-07,343.1941
2015-04-08,344.2659
2015-04-09,344.6319
2015-04-10,344.8737
2015-04-13,345.4139
2015-04-14,345.0628
2015-04-15,345.5512
2015-04-16,345.1
2015-04-17,344.2842
2015-04-20,344.3326
2015-04-21,344.2058
2015-04-22,344.7587
2015-04-23,344.5855
2015-04-24,344.8357
2015-04-27,345.2541
2015-04-28,345.4208
2015-04-29,344.6855
2015-04-30,343.7791
2015-05-01,342.9547
2015-05-05,342.8413
2015-05-06,341.2915
2015-05-07,340.9064
2015-05-08,342.919
2015-05-11,344.0897
2015-05-12,343.4574
2015-05-13,343.3478
2015-05-14,343.2348
2015-05-15,343.5262
2015-05-18,343.5926
2015-05-19,344.5648
2015-05-20,345.0585
2015-05-21,345.42
2015-05-22,345.3789
2015-05-26,345.6345
2015-05-27,345.5646
2015-05-28,345.2218
2015-05-29,344.8555
2015-06-01,344.8624
2015-06-02,343.6031
2015-06-03,342.1615
2015-06-04,341.6914
2015-06-05,342.0015
2015-06-08,341.2645
2015-06-09,340.4383
2015-06-10,340.4577
2015-06-11,341.207
2015-06-12,341.1
2015-06-15,339.6626
2015-06-16,339.0111
2015-06-17,339.2722
2015-06-18,338.3101
2015-06-19,339.1535
2015-06-22,340.0396
2015-06-23,342.2781
2015-06-24,342.0688
2015-06-25,341.8927
2015-06-26,342.4295
2015-06-29,339.8588
2015-06-30,339.7187
2015-07-01,340.2279
2015-07-02,340.5855
2015-07-03,340.506
2015-07-06,339.5918
2015-07-07,339.4846
2015-07-08,337.5014
2015-07-09,338.2608
2015-07-10,339.3169
2015-07-13,341.5361
2015-07-14,342.1306
2015-07-15,342.8797
2015-07-16,344.0555
2015-07-17,345.28
2015-07-20,345.59
2015-07-21,344.9601
2015-07-22,345.0467
2015-07-23,344.064
2015-07-24,344.0338
2015-07-27,343.0036
2015-07-28,343.311
2015-07-29,343.5072
2015-07-30,344.1689
2015-07-31,343.6123
2015-08-03,344.1023
2015-08-04,343.8174
2015-08-05,344.3309
2015-08-06,343.5167
2015-08-07,342.9856
2015-08-10,342.9147
2015-08-11,342.7529
2015-08-12,341.6163
2015-08-13,341.9387
2015-08-14,342.2319
2015-08-17,342.3575
2015-08-18,342.6433
2015-08-19,342.114
2015-08-20,341.0536
2015-08-21,339.715
2015-08-24,336.1996
2015-08-25,337.3488
2015-08-26,337.2267
2015-08-27,338.5569
2015-08-28,338.7831
2015-08-31,338.9391
2015-09-01,338.2642
2015-09-02,338.2294
2015-09-03,338.8202
2015-09-04,338.396
2015-09-07,338.6267
2015-09-08,339.0001
2015-09-09,339.8655
2015-09-10,339.4007
2015-09-11,338.8641
2015-09-14,338.4853
2015-09-15,337.8411
2015-09-16,338.4341
2015-09-17,338.361
2015-09-18,338.3665
2015-09-21,338.543
2015-09-22,337.3318
2015-09-23,336.3343
2015-09-24,335.2701
2015-09-25,334.8003
2015-09-28,332.894
2015-09-29,331.2034
2015-09-30,332.057
2015-10-01,332.585
2015-10-02,332.4697
2015-10-05,333.5813
2015-10-06,334.348
2015-10-07,335.9301
2015-10-08,335.8128
2015-10-09,335.9604
2015-10-12,336.5654
2015-10-13,335.8813
2015-10-14,336.2633
2015-10-15,336.8616
2015-10-16,337.5678
2015-10-19,338.5336
2015-10-20,338.4356
2015-10-21,338.5329
2015-10-22,339.6733
2015-10-23,341.1837
2015-10-26,341.6973
2015-10-27,341.6691
2015-10-28,341.7749
2015-10-29,342.1968
2015-10-30,342.4448
2015-11-02,342.6393
2015-11-03,343.8599
2015-11-04,345.032
2015-11-05,344.3858
2015-11-06,344.1273
2015-11-09,344.3576
2015-11-10,344.791
2015-11-11,345.0929
2015-11-12,344.7838
2015-11-13,344.6749
2015-11-16,344.8471
2015-11-17,345.6666
2015-11-18,345.9287
2015-11-19,346.1425
2015-11-20,346.3909
2015-11-23,346.3004
2015-11-24,345.7116
2015-11-25,345.6439
2015-11-26,345.7548
2015-11-27,345.7363
2015-11-30,346.1011
2015-12-01,346.0157
2015-12-02,345.9522
2015-12-03,344.0527
2015-12-04,343.6461
2015-12-07,343.909
2015-12-08,342.9279
2015-12-09,342.3115
2015-12-10,342.139
2015-12-11,340.7276
2015-12-14,337.9425
2015-12-15,338.6665
2015-12-16,338.8475
2015-12-17,339.6148
2015-12-18,339.368
2015-12-21,338.9194
2015-12-22,338.1798
2015-12-23,338.8946
2015-12-24,338.7974
2015-12-29,338.7894
2015-12-30,337.2939
2015-12-31,337.1576
2016-01-04,337.2586
2016-01-05,337.5633
2016-01-06,337.0565
2016-01-07,335.1679
2016-01-08,334.9945
2016-01-11,334.7517
2016-01-12,333.6413
2016-01-13,333.5135
2016-01-14,331.7733
2016-01-15,329.7612
2016-01-18,328.4935
2016-01-19,327.6311
2016-01-20,325.8945
2016-01-21,326.3698
2016-01-22,329.32
2016-01-25,329.5643
2016-01-26,329.3563
2016-01-27,329.7011
2016-01-28,330.2752
2016-01-29,331.0451
2016-02-01,331.4904
2016-02-02,330.73
2016-02-03,329.9495
2016-02-04,328.9182
2016-02-05,328.3304
2016-02-08,325.8632
2016-02-09,323.7192
2016-02-10,324.6997
2016-02-11,321.4793
2016-02-12,321.2349
2016-02-15,323.1623
2016-02-16,322.8153
2016-02-17,323.6122
2016-02-18,325.6206
2016-02-19,325.0175
2016-02-22,325.5641
2016-02-23,325.8315
2016-02-24,324.9442
2016-02-25,325.2449
2016-02-26,326.5868
2016-02-29,327.8622
2016-03-01,329.2936
2016-03-02,331.2991
2016-03-03,331.3754
2016-03-04,332.1453
2016-03-07,333.0381
2016-03-08,332.9225
2016-03-09,333.2018
2016-03-10,334.5398
2016-03-11,338.761
2016-03-14,340.6098
2016-03-15,338.4033
2016-03-16,337.8759
2016-03-17,338.3544
2016-03-18,338.8269
2016-03-21,338.8321
2016-03-22,338.4118
2016-03-23,338.6369
2016-03-24,338.4072
2016-03-29,338.9742
2016-03-30,339.1068
2016-03-31,338.7379
2016-04-01,338.5829
2016-04-04,339.4255
2016-04-05,338.894
2016-04-06,338.7937
2016-04-07,338.7396
2016-04-08,338.5423
2016-04-11,339.2409
2016-04-12,339.8004
2016-04-13,341.3373
2016-04-14,341.9612
2016-04-15,342.3768
2016-04-18,342.5573
2016-04-19,343.6692
2016-04-20,344.2339
2016-04-21,344.9764
2016-04-22,346.5179
2016-04-25,346.5838
2016-04-26,346.5938
2016-04-27,346.1308
2016-04-28,346.1845
2016-04-29,345.8402
2016-05-03,344.9477
2016-05-04,344.2551
2016-05-05,344.7524
2016-05-06,344.0267
2016-05-09,343.7541
2016-05-10,343.7468
2016-05-11,343.4311
2016-05-12,343.7639
2016-05-13,343.5999
2016-05-16,343.6349
2016-05-17,344.3381
2016-05-18,345.1597
2016-05-19,345.203
2016-05-20,344.8898
2016-05-23,344.8661
2016-05-24,346.0355
2016-05-25,347.5967
2016-05-26,347.7282
2016-05-27,347.9759
2016-05-31,348.1275
2016-06-01,347.2312
2016-06-02,347.6898
2016-06-03,347.4642
2016-06-06,347.4497
2016-06-07,348.5126
2016-06-08,348.8054
2016-06-09,349.1535
2016-06-10,348.189
2016-06-13,346.5729
2016-06-14,344.7284
2016-06-15,345.3481
2016-06-16,344.2809
2016-06-17,344.9545
2016-06-20,347.5418
2016-06-21,348.3684
2016-06-22,348.5831
2016-06-23,349.4336
2016-06-24,340.1713
2016-06-27,337.5071
2016-06-28,338.8423
2016-06-29,341.163
2016-06-30,341.1546
2016-07-01,342.2447
2016-07-04,342.8875
2016-07-05,341.5393
2016-07-06,340.2029
2016-07-07,340.459
2016-07-08,341.2965
2016-07-11,342.5805
2016-07-12,344.7099
2016-07-13,345.5941
2016-07-14,346.7682
2016-07-15,346.667
2016-07-18,347.1641
2016-07-19,346.7768
2016-07-20,347.2101
2016-07-21,348.0105
2016-07-22,347.9596
2016-07-25,348.4586
2016-07-26,348.1613
2016-07-27,348.4185
2016-07-28,348.0163
2016-07-29,348.4631
2016-08-01,348.524
2016-08-02,348.3909
2016-08-03,348.5457
2016-08-04,348.7654
2016-08-05,349.5785
2016-08-08,350.2467
2016-08-09,350.437
2016-08-10,350.6286
2016-08-11,350.5861
2016-08-12,350.8085
2016-08-15,350.773
2016-08-16,350.9614
2016-08-17,351.1008
2016-08-18,351.6208
2016-08-19,351.1988
2016-08-22,351.7747
2016-08-23,352.2865
2016-08-24,353.1413
2016-08-25,353.0168
2016-08-26,353.2334
2016-08-30,353.8372
2016-08-31,354.0975
2016-09-01,354.6788
2016-09-02,354.9622
2016-09-05,355.3649
2016-09-06,355.8574
2016-09-07,355.7096
2016-09-08,355.2807
2016-09-09,354.4525
2016-09-12,352.8514
2016-09-13,352.4561
2016-09-14,351.8484
2016-09-15,351.6314
2016-09-16,351.2349
2016-09-19,351.2011
2016-09-20,350.773
2016-09-21,350.9347
2016-09-22,352.1915
2016-09-23,351.8468
2016-09-26,351.3544
2016-09-27,351.3298
2016-09-28,351.7069
2016-09-29,351.7597
2016-09-30,351.254
2016-10-03,351.0013
2016-10-04,351.3623
2016-10-05,351.0597
2016-10-06,351.1046
2016-10-07,350.0652
2016-10-10,349.9688
2016-10-11,349.9219
2016-10-12,349.9769
2016-10-13,349.8913
2016-10-14,350.6074
2016-10-17,350.7345
2016-10-18,351.9603
2016-10-19,352.4435
2016-10-20,353.025
2016-10-21,353.2947
2016-10-24,353.6639
2016-10-25,353.7014
2016-10-26,353.5514
2016-10-27,352.96
2016-10-28,352.3581
2016-10-31,352.4211
2016-11-01,351.6669
2016-11-02,351.295
2016-11-03,351.8447
2016-11-04,351.82
2016-11-07,352.1337
2016-11-08,352.0913
2016-11-09,352.1726
2016-11-10,352.7231
2016-11-11,352.2727
2016-11-14,351.162
2016-11-15,351.3508
2016-12-05,353.1172
2016-12-06,353.8814
2016-12-07,354.2332
2016-12-08,355.3077
2016-12-09,356.2471
2016-12-12,356.8987
2016-12-13,357.7313
2016-12-14,358.2447
2016-12-15,358.0234
2016-12-16,358.4592
2016-12-19,358.4663
2016-12-20,358.686
2016-12-21,358.6971
2016-12-22,358.3033
2016-12-23,358.4254
2016-12-28,358.9799
2016-12-29,358.5792
2016-12-30,358.9929
2017-01-03,360.1163
2017-01-04,360.427
2017-01-05,360.7536
2017-01-06,360.3544
2017-01-09,359.8191
2017-01-10,359.7621
2017-01-11,359.9704
2017-01-12,359.5598
2017-01-13,359.7599
2017-01-16,359.5249
2017-01-17,360.4545
2017-01-18,360.4282
2017-01-19,360.838
2017-01-20,360.6501
2017-01-23,361.2438
2017-01-24,361.3221
2017-01-25,362.093
2017-01-26,362.4254
2017-01-27,362.0245
2017-01-30,361.7694
2017-01-31,361.3115
2017-02-01,361.9146
2017-02-02,361.3183
2017-02-03,361.6864
2017-02-06,362.0095
2017-02-07,362.2885
2017-02-08,362.6197
2017-02-09,362.9774
2017-02-10,363.1678
2017-02-13,363.7121
2017-02-14,364.0241
2017-02-15,364.2184
2017-02-16,364.1568
2017-02-17,364.0911
2017-02-20,364.6347
2017-02-21,365.2747
2017-02-22,365.4157
2017-02-23,365.8216
2017-02-24,365.8488
2017-02-27,365.6809
2017-02-28,365.7075
2017-03-01,365.8603
2017-03-02,366.0849
2017-03-03,365.7523
2017-03-06,365.693
2017-03-07,365.5088
2017-03-08,364.9029
2017-03-09,363.9837
2017-03-10,363.4941
2017-03-13,363.7368
2017-03-14,363.0288
2017-03-15,363.5029
2017-03-16,364.266
2017-03-17,364.424
2017-03-20,364.5314
2017-03-21,364.7349
2017-03-22,364.4801
2017-03-23,364.8937
2017-03-24,364.783
2017-03-27,364.692
2017-03-28,364.8222
2017-03-29,365.1043
2017-03-30,365.6211
2017-03-31,366.0494
2017-04-03,366.4496
2017-04-04,366.3243
2017-04-05,366.6444
2017-04-06,366.7405
2017-04-07,366.697
2017-04-10,367.0923
2017-04-11,367.2005
2017-04-12,367.4086
2017-04-13,367.4875
2017-04-18,368.4093
2017-04-19,368.5701
2017-04-20,368.5656
2017-04-21,368.8213
2017-04-24,368.9834
2017-04-25,369.1188
2017-04-26,369.9542
2017-04-27,370.5135
2017-04-28,370.9365
2017-05-01,370.8236
2017-05-02,371.3549
2017-05-03,371.687
2017-05-04,371.9997
2017-05-05,371.8795
2017-05-08,372.4487
2017-05-09,372.9762
2017-05-10,373.4024
2017-05-11,373.2648
2017-05-12,372.9227
2017-05-15,372.7607
2017-05-16,372.2879
2017-05-17,371.9887
2017-05-18,371.4153
2017-05-19,371.653
2017-05-22,371.7569
2017-05-23,371.8999
2017-05-24,372.0911
2017-05-25,372.2062
2017-05-26,371.8954
2017-05-30,372.3309
2017-05-31,372.4881
2017-06-01,372.6754
2017-06-02,372.7238
2017-06-05,373.3125
2017-06-06,373.014
2017-06-07,373.1563
2017-06-08,373.2054
2017-06-09,372.5256
2017-06-12,372.265
2017-06-13,372.8552
2017-06-14,373.2321
2017-06-15,373.4923
2017-06-16,373.6571
2017-06-19,373.8038
2017-06-20,373.7315
2017-06-21,373.6349
2017-06-22,373.2866
2017-06-23,373.5764
2017-06-26,374.1536
2017-06-27,373.6158
2017-06-28,373.5306
2017-06-29,373.018
2017-06-30,372.9313
2017-07-03,373.0107
2017-07-04,373.2298
2017-07-05,373.4442
2017-07-06,372.4536
2017-07-07,371.5756
2017-07-10,371.5758
2017-07-11,371.2347
2017-07-12,372.2088
2017-07-13,372.8362
2017-07-14,373.3174
2017-07-17,373.5521
2017-07-18,373.1724
2017-07-19,373.982
2017-07-20,373.5262
2017-07-21,373.7576
2017-07-24,374.3157
2017-07-25,374.3323
2017-07-26,374.7576
2017-07-27,375.2407
2017-07-28,374.9947
2017-07-31,375.29
2017-08-01,375.8727
2017-08-02,375.9138
2017-08-03,375.8912
2017-08-04,376.2548
2017-08-07,376.2531
2017-08-08,375.984
2017-08-09,375.6357
2017-08-10,375.3205
2017-08-11,374.3769
2017-08-14,375.0069
2017-08-15,374.8737
2017-08-16,375.2341
2017-08-17,375.1804
2017-08-18,374.7468
2017-08-21,374.7356
2017-08-22,374.662
2017-08-23,374.2094
2017-08-24,374.3125
2017-08-25,374.4092
2017-08-29,374.0875
2017-08-30,374.4814
2017-08-31,374.6489
2017-09-01,375.2127
2017-09-04,375.1377
2017-09-05,375.6168
2017-09-06,375.7338
2017-09-07,375.8153
2017-09-08,376.0142
2017-09-11,376.3771
2017-09-12,376.8672
2017-09-13,376.9155
2017-09-14,377.5591
2017-09-15,378.1114
2017-09-18,378.1984
2017-09-19,378.2643
2017-09-20,378.5559
2017-09-21,378.7651
2017-09-22,378.4874
2017-09-25,379.0247
2017-09-26,379.1571
2017-09-27,379.2097
2017-09-28,379.1496
2017-09-29,379.0296
2017-10-02,379.0409
2017-10-03,379.0399
2017-10-04,379.1865
2017-10-05,379.0146
2017-10-06,378.6752
2017-10-09,379.1793
2017-10-10,379.2167
2017-10-11,379.1615
2017-10-12,379.3054
2017-10-13,380.1953
2017-10-16,380.7265
2017-10-17,380.7973
2017-10-18,380.8298
2017-10-19,380.5702
2017-10-20,380.9258
2017-10-23,381.3449
2017-10-24,381.0197
2017-10-25,381.3373
2017-10-26,381.5723
2017-10-27,382.4242
2017-10-30,382.9998
2017-10-31,383.6411
2017-11-01,384.2719
2017-11-02,383.3986
2017-11-03,383.9084
2017-11-06,384.5611
2017-11-07,384.7169
2017-11-08,383.6571
2017-11-09,382.4872
2017-11-10,381.7861
2017-11-13,381.3101
2017-11-14,380.0115
2017-11-15,378.8291
2017-11-16,380.1971
2017-11-17,380.0744
2017-11-20,380.7607
2017-11-21,381.1388
2017-11-22,381.1844
2017-11-23,381.1448
2017-11-24,381.1197
2017-11-27,381.288
2017-11-28,381.1313
2017-11-29,381.8634
2017-11-30,381.8691
2017-12-01,382.1031
2017-12-04,382.102
2017-12-05,382.1182
2017-12-06,381.7873
2017-12-07,381.7745
2017-12-08,381.6118
2017-12-11,381.4198
2017-12-12,381.5479
2017-12-13,381.5559
2017-12-14,381.5576
2017-12-15,381.1284
2017-12-18,381.3036
2017-12-19,381.0379
2017-12-20,380.9078
2017-12-21,380.8817
2017-12-22,381.235
2017-12-27,381.3451
2017-12-28,381.2686
2017-12-29,381.4049
2018-01-02,381.8621
2018-01-03,382.4826
2018-01-04,382.9756
2018-01-05,383.5481
2018-01-08,383.904
2018-01-09,383.8723
2018-01-10,383.1188
2018-01-11,382.4919
2018-01-12,382.8278
2018-01-15,383.0008
2018-01-16,383.5102
2018-01-17,383.7283
2018-01-18,384.0666
2018-01-19,384.1369
2018-01-22,384.7827
2018-01-23,385.093
2018-01-24,385.5796
2018-01-25,385.0086
2018-01-26,384.8523
2018-01-29,384.3734
2018-01-30,383.5282
2018-01-31,383.8105
2018-02-01,383.7441
2018-02-02,382.7646
2018-02-05,382.0022
2018-02-06,381.0913
2018-02-07,382.1325
2018-02-08,382.3172
2018-02-09,380.0063
2018-02-12,380.1075
2018-02-13,378.7816
2018-02-14,378.6977
2018-02-15,379.6852
2018-02-16,380.496
2018-02-19,380.9074
2018-02-20,380.8867
2018-02-21,380.779
2018-02-22,380.272
2018-02-23,380.2333
2018-02-26,380.5695
2018-02-27,380.8505
2018-02-28,380.8338
2018-03-01,380.5923
2018-03-02,379.8734
2018-03-05,379.8507
2018-03-06,380.1334
2018-03-07,380.2773
2018-03-08,380.7686
2018-03-09,381.1988
2018-03-12,381.8783
2018-03-13,381.7415
2018-03-14,381.3561
2018-03-15,381.2248
2018-03-16,381.3922
2018-03-19,381.3645
2018-03-20,381.1237
2018-03-21,381.3627
2018-03-22,380.8492
2018-03-23,380.2788
2018-03-26,380.2894
2018-03-27,380.4785
2018-03-28,380.2903
2018-03-29,380.4207
2018-03-30,380.4207
2018-04-02,380.5948
2018-04-03,380.5467
2018-04-04,380.5183
2018-04-05,380.8406
2018-04-06,381.2453
2018-04-09,381.4401
2018-04-10,381.8268
2018-04-11,382.1839
2018-04-12,383.0351
2018-04-13,383.7062
2018-04-16,384.1241
2018-04-17,384.4941
2018-04-18,383.7592
2018-04-19,383.276
2018-04-20,382.8435
2018-04-23,382.8042
2018-04-24,382.985
2018-04-25,382.6551
2018-04-26,382.9023
2018-04-27,382.6077
2018-04-30,382.7579
2018-05-01,382.4966
2018-05-02,382.574
2018-05-03,382.2231
2018-05-04,381.9694
2018-05-08,382.3869
2018-05-09,382.636
2018-05-10,382.1193
2018-05-11,382.3825
2018-05-14,382.537
2018-05-15,382.4741
2018-05-16,382.3909
2018-05-17,382.2559
2018-05-18,381.9233
2018-05-21,381.268
2018-05-22,381.1618
2018-05-23,380.1571
2018-05-24,380.2728
2018-05-25,379.4561
2018-05-29,377.2306
2018-05-30,377.0792
2018-05-31,377.9151
2018-06-01,379.1506
2018-06-04,380.1306
2018-06-05,380.3615
2018-06-06,379.3303
2018-06-07,379.0141
2018-06-08,378.4152
2018-06-11,378.591
2018-06-12,378.9416
2018-06-13,379.3047
2018-06-14,380.3431
2018-06-15,380.7678
2018-06-18,380.4046
2018-06-19,379.9641
2018-06-20,380.0892
2018-06-21,379.7452
2018-06-22,379.4608
2018-06-25,378.478
2018-06-26,377.5498
2018-06-27,376.7924
2018-06-28,375.6519
2018-06-29,375.9829
2018-07-02,375.5967
2018-07-03,376.3963
2018-07-04,376.802
2018-07-05,377.5763
2018-07-06,378.1122
2018-07-09,378.8088
2018-07-10,379.6972
2018-07-11,379.2621
2018-07-12,379.6143
2018-07-13,380.0601
2018-07-16,380.2468
2018-07-17,380.1969
2018-07-18,380.0996
2018-07-19,379.9464
2018-07-20,379.4877
2018-07-23,379.5971
2018-07-24,380.0637
2018-07-25,380.3111
2018-07-26,380.7722
2018-07-27,380.954
2018-07-30,380.7546
2018-07-31,380.8946
2018-08-01,381.3076
2018-08-02,380.9684
2018-08-03,381.0697
2018-08-06,381.1685
2018-08-07,381.4148
2018-08-08,381.19
2018-08-09,381.3815
2018-08-10,381.2133
2018-08-13,380.8027
2018-08-14,380.9625
2018-08-15,380.8445
2018-08-16,380.5971
2018-08-17,380.6508
2018-08-20,380.8195
2018-08-21,381.1875
2018-08-22,381.1988
2018-08-23,380.993
2018-08-24,380.8223
2018-08-28,380.6609
2018-08-29,381.0796
2018-08-30,380.9135
2018-08-31,380.4921
2018-09-03,379.9093
2018-09-04,379.8634
2018-09-05,379.883
2018-09-06,379.7917
2018-09-07,380.075
2018-09-10,380.7294
2018-09-11,381.0576
2018-09-12,380.9401
2018-09-13,381.1671
2018-09-14,381.3561
2018-09-17,381.9995
2018-09-18,382.2923
2018-09-19,382.73
2018-09-20,383.0674
2018-09-21,382.6009
2018-09-24,382.4142
2018-09-25,382.4768
2018-09-26,382.6547
2018-09-27,382.4526
2018-09-28,381.8539
2018-10-01,382.4131
2018-10-02,382.0489
2018-10-03,382.6667
2018-10-04,382.6214
2018-10-05,382.4413
2018-10-08,382.2302
2018-10-09,381.7575
2018-10-10,381.7845
2018-10-11,380.4908
2018-10-12,380.9187
2018-10-15,380.5442
2018-10-16,380.9846
2018-10-17,381.0943
